UNIX time;Local time;carbonDioxide min;carbonDioxide avg;carbonDioxide max
1767964500;2026-01-09T15:15:00.000;997;1270.431;1660
1767964800;2026-01-09T15:20:00.000;644;878.874;1384
1767965100;2026-01-09T15:25:00.000;598;614.462;644
1767965400;2026-01-09T15:30:00.000;586;594.397;609
1767965700;2026-01-09T15:35:00.000;940;951.773;973
1767966000;2026-01-09T15:40:00.000;934;940.148;959
1767966300;2026-01-09T15:45:00.000;874;923.491;977
1767966600;2026-01-09T15:50:00.000;935;953.567;969
1767966900;2026-01-09T15:55:00.000;871;977.907;1083
1767967200;2026-01-09T16:00:00.000;562;661.422;777
1767967500;2026-01-09T16:05:00.000;562;594.357;773
1767967800;2026-01-09T16:10:00.000;547;551.603;564
1767968100;2026-01-09T16:15:00.000;537;544.753;549
1767968400;2026-01-09T16:20:00.000;533;535.201;540
1767968700;2026-01-09T16:25:00.000;523;530.331;534
1767969000;2026-01-09T16:30:00.000;522;525.314;528
1767969300;2026-01-09T16:35:00.000;519;521.024;523
1767969600;2026-01-09T16:40:00.000;515;516.697;520
1767969900;2026-01-09T16:45:00.000;500;512.919;518
1767970200;2026-01-09T16:50:00.000;509;509.591;511
1767970500;2026-01-09T16:55:00.000;504;506.889;509
1767970800;2026-01-09T17:00:00.000;497;503.017;505
1767971100;2026-01-09T17:05:00.000;493;499.322;508
1767971400;2026-01-09T17:10:00.000;497;497.586;499
1767971700;2026-01-09T17:15:00.000;493;495.791;497
1767972000;2026-01-09T17:20:00.000;491;492.404;493
1767972300;2026-01-09T17:25:00.000;490;490.226;491
1767972600;2026-01-09T17:30:00.000;486;488.609;491
1767972900;2026-01-09T17:35:00.000;480;485.214;489
1767973200;2026-01-09T17:40:00.000;481;482.806;485
1767973500;2026-01-09T17:45:00.000;480;481.248;483
1767973800;2026-01-09T17:50:00.000;477;478.389;480
1767974100;2026-01-09T17:55:00.000;476;477.011;479
1767974400;2026-01-09T18:00:00.000;475;475.983;476
1767974700;2026-01-09T18:05:00.000;467;473.708;478
1767975000;2026-01-09T18:10:00.000;465;471.306;473
1767975300;2026-01-09T18:15:00.000;469;469.357;470
1767975600;2026-01-09T18:20:00.000;458;467.066;474
1767975900;2026-01-09T18:25:00.000;461;467.482;473
1767976200;2026-01-09T18:30:00.000;460;466.202;471
1767976500;2026-01-09T18:35:00.000;456;462.786;466
1767976800;2026-01-09T18:40:00.000;459;463.063;469
1767977100;2026-01-09T18:45:00.000;455;461.584;464
1767977400;2026-01-09T18:50:00.000;451;459.571;466
1767977700;2026-01-09T18:55:00.000;454;459.438;465
1767978000;2026-01-09T19:00:00.000;454;457.884;465
1767978300;2026-01-09T19:05:00.000;447;455.446;457
1767978600;2026-01-09T19:10:00.000;454;455.159;456
1767978900;2026-01-09T19:15:00.000;452;454.787;460
1767979200;2026-01-09T19:20:00.000;452;453.279;456
1767979500;2026-01-09T19:25:00.000;451;452.399;453
1767979800;2026-01-09T19:30:00.000;447;450.284;454
1767980100;2026-01-09T19:35:00.000;447;448.085;450
1767980400;2026-01-09T19:40:00.000;440;446.845;450
1767980700;2026-01-09T19:45:00.000;440;446.938;449
1767981000;2026-01-09T19:50:00.000;444;445.352;451
1767981300;2026-01-09T19:55:00.000;438;444.707;457
1767981600;2026-01-09T20:00:00.000;440;445.02;447
1767981900;2026-01-09T20:05:00.000;442;443.296;444
1767982200;2026-01-09T20:10:00.000;436;440.756;450
1767982500;2026-01-09T20:15:00.000;439;441.409;445
1767982800;2026-01-09T20:20:00.000;439;441.922;449
1767983100;2026-01-09T20:25:00.000;439;440.207;451
1767983400;2026-01-09T20:30:00.000;430;439.34;446
1767983700;2026-01-09T20:35:00.000;429;437.793;444
1767984000;2026-01-09T20:40:00.000;438;438.883;439
1767984300;2026-01-09T20:45:00.000;430;437.51;441
1767984600;2026-01-09T20:50:00.000;432;437.102;445
1767984900;2026-01-09T20:55:00.000;429;436.8;444
1767985200;2026-01-09T21:00:00.000;431;435.734;445
1767985500;2026-01-09T21:05:00.000;434;435.786;444
1767985800;2026-01-09T21:10:00.000;436;436.438;438
1767986100;2026-01-09T21:15:00.000;430;435.217;439
1767986400;2026-01-09T21:20:00.000;430;434.952;442
1767986700;2026-01-09T21:25:00.000;429;433.96;439
1767987000;2026-01-09T21:30:00.000;429;433.028;434
1767987300;2026-01-09T21:35:00.000;431;434.194;436
1767987600;2026-01-09T21:40:00.000;432;433.458;440
1767987900;2026-01-09T21:45:00.000;430;431.998;435
1767988200;2026-01-09T21:50:00.000;427;432.264;436
1767988500;2026-01-09T21:55:00.000;427;430.948;433
1767988800;2026-01-09T22:00:00.000;428;431.357;440
1767989100;2026-01-09T22:05:00.000;432;435.683;444
1767989400;2026-01-09T22:10:00.000;433;439.559;450
1767989700;2026-01-09T22:15:00.000;432;443.74;455
1767990000;2026-01-09T22:20:00.000;442;442.946;444
1767990300;2026-01-09T22:25:00.000;442;442.939;444
1767990600;2026-01-09T22:30:00.000;442;443.106;444
1767990900;2026-01-09T22:35:00.000;436;444.433;450
1767991200;2026-01-09T22:40:00.000;440;444.495;452
1767991500;2026-01-09T22:45:00.000;436;442.833;455
1767991800;2026-01-09T22:50:00.000;441;443.279;447
1767992100;2026-01-09T22:55:00.000;436;442.272;453
1767992400;2026-01-09T23:00:00.000;436;445.039;456
1767992700;2026-01-09T23:05:00.000;439;444.661;455
1767993000;2026-01-09T23:10:00.000;434;442.828;456
1767993300;2026-01-09T23:15:00.000;442;442.06;443
1767993600;2026-01-09T23:20:00.000;442;442.9;447
1767993900;2026-01-09T23:25:00.000;435;442.672;449
1767994200;2026-01-09T23:30:00.000;435;443.016;453
1767994500;2026-01-09T23:35:00.000;437;443.321;453
1767994800;2026-01-09T23:40:00.000;442;444.843;447
1767995100;2026-01-09T23:45:00.000;438;443.093;447
1767995400;2026-01-09T23:50:00.000;437;444.436;450
1767995700;2026-01-09T23:55:00.000;441;443.415;451
1767996000;2026-01-10T00:00:00.000;442;443.092;450
1767996300;2026-01-10T00:05:00.000;442;442.367;443
1767996600;2026-01-10T00:10:00.000;439;445.18;452
1767996900;2026-01-10T00:15:00.000;437;443.49;449
1767997200;2026-01-10T00:20:00.000;434;443.202;449
1767997500;2026-01-10T00:25:00.000;437;442.832;449
1767997800;2026-01-10T00:30:00.000;434;442.879;451
1767998100;2026-01-10T00:35:00.000;442;443.4;450
1767998400;2026-01-10T00:40:00.000;433;442.546;450
1767998700;2026-01-10T00:45:00.000;443;443.716;450
1767999000;2026-01-10T00:50:00.000;438;443.339;445
1767999300;2026-01-10T00:55:00.000;439;444.478;450
1767999600;2026-01-10T01:00:00.000;441;443.318;445
1767999900;2026-01-10T01:05:00.000;441;443.735;449
1768000200;2026-01-10T01:10:00.000;441;442.878;452
1768000500;2026-01-10T01:15:00.000;436;442.306;447
1768000800;2026-01-10T01:20:00.000;428;439.768;445
1768001100;2026-01-10T01:25:00.000;437;439.518;446
1768001400;2026-01-10T01:30:00.000;436;439.873;445
1768001700;2026-01-10T01:35:00.000;439;439.841;440
1768002000;2026-01-10T01:40:00.000;434;442.397;456
1768002300;2026-01-10T01:45:00.000;439;440.433;442
1768002600;2026-01-10T01:50:00.000;439;440.453;447
1768002900;2026-01-10T01:55:00.000;436;440.757;452
1768003200;2026-01-10T02:00:00.000;439;440.411;443
1768003500;2026-01-10T02:05:00.000;434;440.955;451
1768003800;2026-01-10T02:10:00.000;434;437.725;450
1768004100;2026-01-10T02:15:00.000;436;438.412;448
1768004400;2026-01-10T02:20:00.000;436;439.457;446
1768004700;2026-01-10T02:25:00.000;435;436.988;442
1768005000;2026-01-10T02:30:00.000;434;437.935;450
1768005300;2026-01-10T02:35:00.000;433;436.673;445
1768005600;2026-01-10T02:40:00.000;432;438.229;443
1768005900;2026-01-10T02:45:00.000;437;437.68;440
1768006200;2026-01-10T02:50:00.000;434;437.013;444
1768006500;2026-01-10T02:55:00.000;430;437.071;442
1768006800;2026-01-10T03:00:00.000;433;436.54;444
1768007100;2026-01-10T03:05:00.000;437;437.797;440
1768007400;2026-01-10T03:10:00.000;430;439.652;448
1768007700;2026-01-10T03:15:00.000;436;437.072;439
1768008000;2026-01-10T03:20:00.000;433;437.521;446
1768008300;2026-01-10T03:25:00.000;431;438.041;451
1768008600;2026-01-10T03:30:00.000;431;438.414;446
1768008900;2026-01-10T03:35:00.000;436;437.181;439
1768009200;2026-01-10T03:40:00.000;429;435.915;442
1768009500;2026-01-10T03:45:00.000;435;435.543;436
1768009800;2026-01-10T03:50:00.000;426;437.042;440
1768010100;2026-01-10T03:55:00.000;436;436.158;447
1768010400;2026-01-10T04:00:00.000;433;437.77;442
1768010700;2026-01-10T04:05:00.000;429;438.56;445
1768011000;2026-01-10T04:10:00.000;433;439.13;449
1768011300;2026-01-10T04:15:00.000;435;435.985;437
1768011600;2026-01-10T04:20:00.000;425;435.454;443
1768011900;2026-01-10T04:25:00.000;434;436.388;440
1768012200;2026-01-10T04:30:00.000;436;436;436
1768012500;2026-01-10T04:35:00.000;435;436.916;442
1768012800;2026-01-10T04:40:00.000;438;438.27;439
1768013100;2026-01-10T04:45:00.000;432;436.99;441
1768013400;2026-01-10T04:50:00.000;433;435.609;438
1768013700;2026-01-10T04:55:00.000;434;436.936;446
1768014000;2026-01-10T05:00:00.000;429;434.981;442
1768014300;2026-01-10T05:05:00.000;430;436.364;443
1768014600;2026-01-10T05:10:00.000;433;438.749;446
1768014900;2026-01-10T05:15:00.000;436;438.881;444
1768015200;2026-01-10T05:20:00.000;434;436.516;441
1768015500;2026-01-10T05:25:00.000;432;436.38;449
1768015800;2026-01-10T05:30:00.000;433;434.424;435
1768016100;2026-01-10T05:35:00.000;426;435.485;438
1768016400;2026-01-10T05:40:00.000;434;434.235;435
1768016700;2026-01-10T05:45:00.000;432;434.847;447
1768017000;2026-01-10T05:50:00.000;434;435.233;440
1768017300;2026-01-10T05:55:00.000;433;434.036;435
1768017600;2026-01-10T06:00:00.000;430;434.576;439
1768017900;2026-01-10T06:05:00.000;429;431.784;436
1768018200;2026-01-10T06:10:00.000;419;427.459;430
1768018500;2026-01-10T06:15:00.000;424;425.471;426
1768018800;2026-01-10T06:20:00.000;425;425.909;427
1768019100;2026-01-10T06:25:00.000;424;425.09;431
1768019400;2026-01-10T06:30:00.000;423;424.001;427
1768019700;2026-01-10T06:35:00.000;419;424.356;429
1768020000;2026-01-10T06:40:00.000;422;422.758;426
1768020300;2026-01-10T06:45:00.000;419;421.545;429
1768020600;2026-01-10T06:50:00.000;417;420.628;423
1768020900;2026-01-10T06:55:00.000;417;421.74;427
1768021200;2026-01-10T07:00:00.000;420;420.688;425
1768021500;2026-01-10T07:05:00.000;416;421.235;431
1768021800;2026-01-10T07:10:00.000;413;419.506;426
1768022100;2026-01-10T07:15:00.000;410;420.199;426
1768022400;2026-01-10T07:20:00.000;415;419.842;425
1768022700;2026-01-10T07:25:00.000;414;417.472;425
1768023000;2026-01-10T07:30:00.000;417;417.953;419
1768023300;2026-01-10T07:35:00.000;411;417.022;424
1768023600;2026-01-10T07:40:00.000;415;417.483;421
1768023900;2026-01-10T07:45:00.000;410;417.552;422
1768024200;2026-01-10T07:50:00.000;412;416.028;423
1768024500;2026-01-10T07:55:00.000;415;418.02;424
1768024800;2026-01-10T08:00:00.000;416;416;416
1768025100;2026-01-10T08:05:00.000;413;415.304;420
1768025400;2026-01-10T08:10:00.000;406;413.907;421
1768025700;2026-01-10T08:15:00.000;409;413.538;421
1768026000;2026-01-10T08:20:00.000;408;413.69;419
1768026300;2026-01-10T08:25:00.000;412;414.268;419
1768026600;2026-01-10T08:30:00.000;406;413.095;419
1768026900;2026-01-10T08:35:00.000;407;412.455;419
1768027200;2026-01-10T08:40:00.000;405;412.663;418
1768027500;2026-01-10T08:45:00.000;413;413.679;414
1768027800;2026-01-10T08:50:00.000;406;411.46;421
1768028100;2026-01-10T08:55:00.000;410;412.529;417
1768028400;2026-01-10T09:00:00.000;413;413.405;417
1768028700;2026-01-10T09:05:00.000;408;413.116;416
1768029000;2026-01-10T09:10:00.000;407;410.615;423
1768029300;2026-01-10T09:15:00.000;411;411;411
1768029600;2026-01-10T09:20:00.000;405;410.681;413
1768029900;2026-01-10T09:25:00.000;407;409.984;418
1768030200;2026-01-10T09:30:00.000;408;410.263;416
1768030500;2026-01-10T09:35:00.000;403;410.002;415
1768030800;2026-01-10T09:40:00.000;408;410.058;416
1768031100;2026-01-10T09:45:00.000;408;409.703;411
1768031400;2026-01-10T09:50:00.000;409;410.495;411
1768031700;2026-01-10T09:55:00.000;409;410.851;415
1768032000;2026-01-10T10:00:00.000;407;411.618;414
1768032300;2026-01-10T10:05:00.000;410;410.434;411
1768032600;2026-01-10T10:10:00.000;404;409.002;414
1768032900;2026-01-10T10:15:00.000;407;409.799;417
1768033200;2026-01-10T10:20:00.000;408;409.429;411
1768033500;2026-01-10T10:25:00.000;406;410.648;417
1768033800;2026-01-10T10:30:00.000;406;410.285;418
1768034100;2026-01-10T10:35:00.000;409;409.396;411
1768034400;2026-01-10T10:40:00.000;399;410.235;418
1768034700;2026-01-10T10:45:00.000;402;408.965;414
1768035000;2026-01-10T10:50:00.000;407;408.734;414
1768035300;2026-01-10T10:55:00.000;407;409.684;416
1768035600;2026-01-10T11:00:00.000;399;408.717;410
1768035900;2026-01-10T11:05:00.000;404;408.413;412
1768036200;2026-01-10T11:10:00.000;405;408.348;413
1768036500;2026-01-10T11:15:00.000;406;408.615;413
1768036800;2026-01-10T11:20:00.000;405;408.932;415
1768037100;2026-01-10T11:25:00.000;406;408.58;417
1768037400;2026-01-10T11:30:00.000;405;407.93;416
1768037700;2026-01-10T11:35:00.000;403;407.56;416
1768038000;2026-01-10T11:40:00.000;406;408.472;413
1768038300;2026-01-10T11:45:00.000;401;409.044;414
1768038600;2026-01-10T11:50:00.000;408;408.799;409
1768038900;2026-01-10T11:55:00.000;402;407.226;409
1768039200;2026-01-10T12:00:00.000;400;407.959;410
1768039500;2026-01-10T12:05:00.000;407;408.69;415
1768039800;2026-01-10T12:10:00.000;404;409.465;415
1768040100;2026-01-10T12:15:00.000;402;407.31;413
1768040400;2026-01-10T12:20:00.000;405;408.265;417
1768040700;2026-01-10T12:25:00.000;405;407.603;410
1768041000;2026-01-10T12:30:00.000;406;407.608;413
1768041300;2026-01-10T12:35:00.000;408;408.246;409
1768041600;2026-01-10T12:40:00.000;401;408.553;418
1768041900;2026-01-10T12:45:00.000;404;407.914;414
1768042200;2026-01-10T12:50:00.000;406;407.951;411
1768042500;2026-01-10T12:55:00.000;407;408.222;409
1768042800;2026-01-10T13:00:00.000;403;408.059;413
1768043100;2026-01-10T13:05:00.000;404;407.176;414
1768043400;2026-01-10T13:10:00.000;400;407.857;412
1768043700;2026-01-10T13:15:00.000;403;407.801;413
1768044000;2026-01-10T13:20:00.000;405;407.628;413
1768044300;2026-01-10T13:25:00.000;401;406.397;415
1768044600;2026-01-10T13:30:00.000;406;407.898;410
1768044900;2026-01-10T13:35:00.000;407;408.008;411
1768045200;2026-01-10T13:40:00.000;401;407.61;411
1768045500;2026-01-10T13:45:00.000;403;407.65;416
1768045800;2026-01-10T13:50:00.000;402;408.485;414
1768046100;2026-01-10T13:55:00.000;400;406.978;409
1768046400;2026-01-10T14:00:00.000;404;408.024;412
1768046700;2026-01-10T14:05:00.000;407;407.673;408
1768047000;2026-01-10T14:10:00.000;404;407.395;410
1768047300;2026-01-10T14:15:00.000;406;409.557;416
1768047600;2026-01-10T14:20:00.000;409;409.048;410
1768047900;2026-01-10T14:25:00.000;404;409.296;413
1768048200;2026-01-10T14:30:00.000;400;408.467;413
1768048500;2026-01-10T14:35:00.000;404;407.153;413
1768048800;2026-01-10T14:40:00.000;400;405.651;410
1768049100;2026-01-10T14:45:00.000;401;407.082;412
1768049400;2026-01-10T14:50:00.000;407;407.979;413
1768049700;2026-01-10T14:55:00.000;403;406.598;417
1768050000;2026-01-10T15:00:00.000;404;406.627;415
1768050300;2026-01-10T15:05:00.000;402;406.88;414
1768050600;2026-01-10T15:10:00.000;401;408.295;413
1768050900;2026-01-10T15:15:00.000;407;407.504;410
1768051200;2026-01-10T15:20:00.000;404;407.957;415
1768051500;2026-01-10T15:25:00.000;404;406.834;410
1768051800;2026-01-10T15:30:00.000;396;406.763;410
1768052100;2026-01-10T15:35:00.000;399;406.271;412
1768052400;2026-01-10T15:40:00.000;401;405.837;409
1768052700;2026-01-10T15:45:00.000;404;406.302;411
1768053000;2026-01-10T15:50:00.000;401;406.966;411
1768053300;2026-01-10T15:55:00.000;399;406.121;411
1768053600;2026-01-10T16:00:00.000;405;407.494;412
1768053900;2026-01-10T16:05:00.000;406;407.076;409
1768054200;2026-01-10T16:10:00.000;403;407.237;411
1768054500;2026-01-10T16:15:00.000;403;407.43;413
1768054800;2026-01-10T16:20:00.000;403;407.077;410
1768055100;2026-01-10T16:25:00.000;403;407.695;412
1768055400;2026-01-10T16:30:00.000;405;406.266;407
1768055700;2026-01-10T16:35:00.000;404;407.516;413
1768056000;2026-01-10T16:40:00.000;406;406.631;407
1768056300;2026-01-10T16:45:00.000;398;404.172;410
1768056600;2026-01-10T16:50:00.000;404;406.258;413
1768056900;2026-01-10T16:55:00.000;402;405.957;413
1768057200;2026-01-10T17:00:00.000;403;406.284;415
1768057500;2026-01-10T17:05:00.000;399;405.403;415
1768057800;2026-01-10T17:10:00.000;406;406.604;407
1768058100;2026-01-10T17:15:00.000;401;407.186;410
1768058400;2026-01-10T17:20:00.000;404;407.074;409
1768058700;2026-01-10T17:25:00.000;400;406.591;412
1768059000;2026-01-10T17:30:00.000;401;405.965;411
1768059300;2026-01-10T17:35:00.000;401;406.602;414
1768059600;2026-01-10T17:40:00.000;403;406.943;409
1768059900;2026-01-10T17:45:00.000;404;406.572;413
1768060200;2026-01-10T17:50:00.000;403;406.831;409
1768060500;2026-01-10T17:55:00.000;403;406.523;413
1768060800;2026-01-10T18:00:00.000;399;407.209;410
1768061100;2026-01-10T18:05:00.000;402;406.461;409
1768061400;2026-01-10T18:10:00.000;402;406.575;411
1768061700;2026-01-10T18:15:00.000;405;406.993;413
1768062000;2026-01-10T18:20:00.000;401;406.883;409
1768062300;2026-01-10T18:25:00.000;406;406.683;407
1768062600;2026-01-10T18:30:00.000;406;406.949;408
1768062900;2026-01-10T18:35:00.000;400;406.785;412
1768063200;2026-01-10T18:40:00.000;402;406.975;411
1768063500;2026-01-10T18:45:00.000;402;406.591;410
1768063800;2026-01-10T18:50:00.000;405;406.537;408
1768064100;2026-01-10T18:55:00.000;405;406.507;412
1768064400;2026-01-10T19:00:00.000;404;406.57;408
1768064700;2026-01-10T19:05:00.000;403;406.469;412
1768065000;2026-01-10T19:10:00.000;404;406.159;410
1768065300;2026-01-10T19:15:00.000;400;407.109;412
1768065600;2026-01-10T19:20:00.000;401;406.096;412
1768065900;2026-01-10T19:25:00.000;404;406.536;418
1768066200;2026-01-10T19:30:00.000;405;406.875;413
1768066500;2026-01-10T19:35:00.000;406;406.069;407
1768066800;2026-01-10T19:40:00.000;404;407.044;411
1768067100;2026-01-10T19:45:00.000;406;406.138;407
1768067400;2026-01-10T19:50:00.000;403;405.423;408
1768067700;2026-01-10T19:55:00.000;402;406.14;412
1768068000;2026-01-10T20:00:00.000;401;406.633;411
1768068300;2026-01-10T20:05:00.000;405;406.219;407
1768068600;2026-01-10T20:10:00.000;400;406.922;411
1768068900;2026-01-10T20:15:00.000;402;405.509;412
1768069200;2026-01-10T20:20:00.000;406;406.616;407
1768069500;2026-01-10T20:25:00.000;404;405.892;409
1768069800;2026-01-10T20:30:00.000;404;405.747;406
1768070100;2026-01-10T20:35:00.000;404;407.124;413
1768070400;2026-01-10T20:40:00.000;400;406.951;410
1768070700;2026-01-10T20:45:00.000;402;406.322;408
1768071000;2026-01-10T20:50:00.000;397;406.702;409
1768071300;2026-01-10T20:55:00.000;402;405.869;412
1768071600;2026-01-10T21:00:00.000;405;405.865;407
1768071900;2026-01-10T21:05:00.000;397;405.409;412
1768072200;2026-01-10T21:10:00.000;406;406.327;407
1768072500;2026-01-10T21:15:00.000;405;405.763;406
1768072800;2026-01-10T21:20:00.000;400;405.566;413
1768073100;2026-01-10T21:25:00.000;405;406.386;407
1768073400;2026-01-10T21:30:00.000;405;406.759;410
1768073700;2026-01-10T21:35:00.000;402;406.763;410
1768074000;2026-01-10T21:40:00.000;403;406.805;408
1768074300;2026-01-10T21:45:00.000;400;405.962;411
1768074600;2026-01-10T21:50:00.000;400;405.391;409
1768074900;2026-01-10T21:55:00.000;406;406.946;408
1768075200;2026-01-10T22:00:00.000;406;407.03;408
1768075500;2026-01-10T22:05:00.000;402;406.473;408
1768075800;2026-01-10T22:10:00.000;405;408.676;413
1768076100;2026-01-10T22:15:00.000;406;413.916;419
1768076400;2026-01-10T22:20:00.000;410;415.674;421
1768076700;2026-01-10T22:25:00.000;414;416.47;422
1768077000;2026-01-10T22:30:00.000;414;417.989;421
1768077300;2026-01-10T22:35:00.000;419;419.007;420
1768077600;2026-01-10T22:40:00.000;420;420.275;421
1768077900;2026-01-10T22:45:00.000;420;420.724;421
1768078200;2026-01-10T22:50:00.000;420;420.874;421
1768078500;2026-01-10T22:55:00.000;420;421.414;429
1768078800;2026-01-10T23:00:00.000;421;422.1;429
1768079100;2026-01-10T23:05:00.000;418;421.84;428
1768079400;2026-01-10T23:10:00.000;417;422.277;429
1768079700;2026-01-10T23:15:00.000;420;421.729;432
1768080000;2026-01-10T23:20:00.000;419;421.928;428
1768080300;2026-01-10T23:25:00.000;419;421.75;429
1768080600;2026-01-10T23:30:00.000;421;421.511;428
1768080900;2026-01-10T23:35:00.000;420;423.217;430
1768081200;2026-01-10T23:40:00.000;418;423.984;428
1768081500;2026-01-10T23:45:00.000;421;424.022;430
1768081800;2026-01-10T23:50:00.000;422;425.874;435
1768082100;2026-01-10T23:55:00.000;419;425.212;431
1768082400;2026-01-11T00:00:00.000;422;424.585;433
1768082700;2026-01-11T00:05:00.000;419;423.739;427
1768083000;2026-01-11T00:10:00.000;418;425.915;434
1768083300;2026-01-11T00:15:00.000;422;425.836;431
1768083600;2026-01-11T00:20:00.000;423;425.593;431
1768083900;2026-01-11T00:25:00.000;421;426.9;433
1768084200;2026-01-11T00:30:00.000;424;426.482;432
1768084500;2026-01-11T00:35:00.000;420;425.765;434
1768084800;2026-01-11T00:40:00.000;420;425.34;433
1768085100;2026-01-11T00:45:00.000;423;425.336;432
1768085400;2026-01-11T00:50:00.000;421;424.997;440
1768085700;2026-01-11T00:55:00.000;426;428.797;430
1768086000;2026-01-11T01:00:00.000;420;427.364;438
1768086300;2026-01-11T01:05:00.000;425;427.141;436
1768086600;2026-01-11T01:10:00.000;424;426.211;435
1768086900;2026-01-11T01:15:00.000;420;425.248;430
1768087200;2026-01-11T01:20:00.000;422;425.605;432
1768087500;2026-01-11T01:25:00.000;423;423.86;427
1768087800;2026-01-11T01:30:00.000;420;425.145;430
1768088100;2026-01-11T01:35:00.000;424;427.408;433
1768088400;2026-01-11T01:40:00.000;422;427.009;433
1768088700;2026-01-11T01:45:00.000;422;425;429
1768089000;2026-01-11T01:50:00.000;421;426.337;433
1768089300;2026-01-11T01:55:00.000;422;425.934;432
1768089600;2026-01-11T02:00:00.000;421;425.074;432
1768089900;2026-01-11T02:05:00.000;420;424.966;433
1768090200;2026-01-11T02:10:00.000;419;424.965;431
1768090500;2026-01-11T02:15:00.000;417;424.884;432
1768090800;2026-01-11T02:20:00.000;423;426.557;433
1768091100;2026-01-11T02:25:00.000;418;424.884;429
1768091400;2026-01-11T02:30:00.000;423;426.558;435
1768091700;2026-01-11T02:35:00.000;423;425.192;433
1768092000;2026-01-11T02:40:00.000;425;426.451;436
1768092300;2026-01-11T02:45:00.000;424;426.478;439
1768092600;2026-01-11T02:50:00.000;416;424.781;436
1768092900;2026-01-11T02:55:00.000;421;424.639;428
1768093200;2026-01-11T03:00:00.000;420;425.051;434
1768093500;2026-01-11T03:05:00.000;421;426.141;431
1768093800;2026-01-11T03:10:00.000;422;426.511;430
1768094100;2026-01-11T03:15:00.000;419;424.013;429
1768094400;2026-01-11T03:20:00.000;423;425.498;435
1768094700;2026-01-11T03:25:00.000;422;425.121;431
1768095000;2026-01-11T03:30:00.000;417;425.243;437
1768095300;2026-01-11T03:35:00.000;424;425.224;433
1768095600;2026-01-11T03:40:00.000;419;426.07;430
1768095900;2026-01-11T03:45:00.000;419;424.562;431
1768096200;2026-01-11T03:50:00.000;419;426.239;433
1768096500;2026-01-11T03:55:00.000;420;425.615;430
1768096800;2026-01-11T04:00:00.000;420;424.413;432
1768097100;2026-01-11T04:05:00.000;413;425.153;433
1768097400;2026-01-11T04:10:00.000;422;428.039;434
1768097700;2026-01-11T04:15:00.000;424;425.061;427
1768098000;2026-01-11T04:20:00.000;423;424.423;432
1768098300;2026-01-11T04:25:00.000;420;424.113;430
1768098600;2026-01-11T04:30:00.000;425;425.081;426
1768098900;2026-01-11T04:35:00.000;422;425.276;438
1768099200;2026-01-11T04:40:00.000;421;427.147;435
1768099500;2026-01-11T04:45:00.000;422;426.921;434
1768099800;2026-01-11T04:50:00.000;423;424.523;426
1768100100;2026-01-11T04:55:00.000;422;424.073;432
1768100400;2026-01-11T05:00:00.000;421;426.198;431
1768100700;2026-01-11T05:05:00.000;424;424.866;429
1768101000;2026-01-11T05:10:00.000;421;425.696;430
1768101300;2026-01-11T05:15:00.000;423;425.985;431
1768101600;2026-01-11T05:20:00.000;418;424.88;429
1768101900;2026-01-11T05:25:00.000;422;425.384;434
1768102200;2026-01-11T05:30:00.000;422;424.619;430
1768102500;2026-01-11T05:35:00.000;424;425.222;432
1768102800;2026-01-11T05:40:00.000;421;425.263;433
1768103100;2026-01-11T05:45:00.000;415;423.94;433
1768103400;2026-01-11T05:50:00.000;420;423.978;428
1768103700;2026-01-11T05:55:00.000;423;426.63;431
1768104000;2026-01-11T06:00:00.000;422;425.876;436
1768104300;2026-01-11T06:05:00.000;424;426.127;430
1768104600;2026-01-11T06:10:00.000;418;423.55;429
1768104900;2026-01-11T06:15:00.000;416;420.973;428
1768105200;2026-01-11T06:20:00.000;415;418.53;421
1768105500;2026-01-11T06:25:00.000;416;417.852;423
1768105800;2026-01-11T06:30:00.000;416;417.724;418
1768106100;2026-01-11T06:35:00.000;416;417.841;420
1768106400;2026-01-11T06:40:00.000;414;417.439;419
1768106700;2026-01-11T06:45:00.000;410;416.847;423
1768107000;2026-01-11T06:50:00.000;409;414.942;425
1768107300;2026-01-11T06:55:00.000;409;415.144;423
1768107600;2026-01-11T07:00:00.000;410;415.048;424
1768107900;2026-01-11T07:05:00.000;408;413.555;417
1768108200;2026-01-11T07:10:00.000;408;413.773;418
1768108500;2026-01-11T07:15:00.000;413;413.97;419
1768108800;2026-01-11T07:20:00.000;404;412.473;415
1768109100;2026-01-11T07:25:00.000;408;412.672;420
1768109400;2026-01-11T07:30:00.000;409;412.234;415
1768109700;2026-01-11T07:35:00.000;408;412.494;416
1768110000;2026-01-11T07:40:00.000;408;411.399;413
1768110300;2026-01-11T07:45:00.000;405;410.923;416
1768110600;2026-01-11T07:50:00.000;407;411.324;414
1768110900;2026-01-11T07:55:00.000;403;409.799;416
1768111200;2026-01-11T08:00:00.000;409;410.258;412
1768111500;2026-01-11T08:05:00.000;407;409.254;411
1768111800;2026-01-11T08:10:00.000;407;407.182;408
1768112100;2026-01-11T08:15:00.000;406;407.12;415
1768112400;2026-01-11T08:20:00.000;398;409.583;413
1768112700;2026-01-11T08:25:00.000;405;408.548;415
1768113000;2026-01-11T08:30:00.000;401;409.778;416
1768113300;2026-01-11T08:35:00.000;404;406.794;409
1768113600;2026-01-11T08:40:00.000;408;408;408
1768113900;2026-01-11T08:45:00.000;407;407.445;413
1768114200;2026-01-11T08:50:00.000;407;408.563;409
1768114500;2026-01-11T08:55:00.000;403;408.995;415
1768114800;2026-01-11T09:00:00.000;406;408.316;412
1768115100;2026-01-11T09:05:00.000;408;408.291;410
1768115400;2026-01-11T09:10:00.000;405;407.618;412
1768115700;2026-01-11T09:15:00.000;402;406.489;410
1768116000;2026-01-11T09:20:00.000;401;408.072;413
1768116300;2026-01-11T09:25:00.000;402;406.636;408
1768116600;2026-01-11T09:30:00.000;407;407.006;408
1768116900;2026-01-11T09:35:00.000;398;406.542;409
1768117200;2026-01-11T09:40:00.000;403;408.357;411
1768117500;2026-01-11T09:45:00.000;400;408.858;415
1768117800;2026-01-11T09:50:00.000;402;406.465;408
1768118100;2026-01-11T09:55:00.000;407;407;407
1768118400;2026-01-11T10:00:00.000;407;407.087;408
1768118700;2026-01-11T10:05:00.000;407;407.768;408
1768119000;2026-01-11T10:10:00.000;405;407.392;412
1768119300;2026-01-11T10:15:00.000;406;407.23;408
1768119600;2026-01-11T10:20:00.000;403;406.945;410
1768119900;2026-01-11T10:25:00.000;403;407.149;413
1768120200;2026-01-11T10:30:00.000;404;405.379;407
1768120500;2026-01-11T10:35:00.000;403;404.377;405
1768120800;2026-01-11T10:40:00.000;404;404.103;405
1768121100;2026-01-11T10:45:00.000;400;405.206;414
1768121400;2026-01-11T10:50:00.000;403;407.143;410
1768121700;2026-01-11T10:55:00.000;403;406.375;408
1768122000;2026-01-11T11:00:00.000;396;407.704;409
1768122300;2026-01-11T11:05:00.000;407;407.917;408
1768122600;2026-01-11T11:10:00.000;406;407.075;408
1768122900;2026-01-11T11:15:00.000;402;407.209;409
1768123200;2026-01-11T11:20:00.000;406;407.688;409
1768123500;2026-01-11T11:25:00.000;404;407.919;412
1768123800;2026-01-11T11:30:00.000;399;406.542;412
1768124100;2026-01-11T11:35:00.000;402;407.012;414
1768124400;2026-01-11T11:40:00.000;401;405.914;409
1768124700;2026-01-11T11:45:00.000;403;406.311;412
1768125000;2026-01-11T11:50:00.000;400;405.532;412
1768125300;2026-01-11T11:55:00.000;405;406.051;407
1768125600;2026-01-11T12:00:00.000;399;405.793;411
1768125900;2026-01-11T12:05:00.000;398;404.948;411
1768126200;2026-01-11T12:10:00.000;402;405.816;417
1768126500;2026-01-11T12:15:00.000;401;406.185;413
1768126800;2026-01-11T12:20:00.000;402;406.003;409
1768127100;2026-01-11T12:25:00.000;404;406.384;408
1768127400;2026-01-11T12:30:00.000;403;407.374;408
1768127700;2026-01-11T12:35:00.000;404;407.581;409
1768128000;2026-01-11T12:40:00.000;406;407.132;410
1768128300;2026-01-11T12:45:00.000;401;407.208;408
1768128600;2026-01-11T12:50:00.000;400;406.637;408
1768128900;2026-01-11T12:55:00.000;405;405.367;406
1768129200;2026-01-11T13:00:00.000;402;405.535;409
1768129500;2026-01-11T13:05:00.000;406;407.57;409
1768129800;2026-01-11T13:10:00.000;403;407.539;413
1768130100;2026-01-11T13:15:00.000;396;405.887;414
1768130400;2026-01-11T13:20:00.000;402;407.455;413
1768130700;2026-01-11T13:25:00.000;406;406.981;408
1768131000;2026-01-11T13:30:00.000;406;406.985;412
1768131300;2026-01-11T13:35:00.000;404;407.693;412
1768131600;2026-01-11T13:40:00.000;404;408.202;412
1768131900;2026-01-11T13:45:00.000;407;407.451;408
1768132200;2026-01-11T13:50:00.000;401;406.667;410
1768132500;2026-01-11T13:55:00.000;406;407.225;408
1768132800;2026-01-11T14:00:00.000;406;407.434;408
1768133100;2026-01-11T14:05:00.000;405;407.985;410
1768133400;2026-01-11T14:10:00.000;402;407.23;410
1768133700;2026-01-11T14:15:00.000;404;407.881;411
1768134000;2026-01-11T14:20:00.000;406;407.285;408
1768134300;2026-01-11T14:25:00.000;399;406.505;410
1768134600;2026-01-11T14:30:00.000;406;406.794;407
1768134900;2026-01-11T14:35:00.000;395;406.489;409
1768135200;2026-01-11T14:40:00.000;405;407.154;414
1768135500;2026-01-11T14:45:00.000;400;407.472;412
1768135800;2026-01-11T14:50:00.000;401;406.813;411
1768136100;2026-01-11T14:55:00.000;406;406.21;407
1768136400;2026-01-11T15:00:00.000;405;407.261;409
1768136700;2026-01-11T15:05:00.000;407;407.315;408
1768137000;2026-01-11T15:10:00.000;402;407.584;410
1768137300;2026-01-11T15:15:00.000;402;407.914;410
1768137600;2026-01-11T15:20:00.000;406;407.824;412
1768137900;2026-01-11T15:25:00.000;406;408.112;412
1768138200;2026-01-11T15:30:00.000;399;407.831;409
1768138500;2026-01-11T15:35:00.000;402;407.146;413
1768138800;2026-01-11T15:40:00.000;405;408.342;413
1768139100;2026-01-11T15:45:00.000;407;407.837;410
1768139400;2026-01-11T15:50:00.000;405;407.304;410
1768139700;2026-01-11T15:55:00.000;406;407.704;419
1768140000;2026-01-11T16:00:00.000;406;406.934;407
1768140300;2026-01-11T16:05:00.000;407;407.947;412
1768140600;2026-01-11T16:10:00.000;401;406.65;408
1768140900;2026-01-11T16:15:00.000;406;407.664;408
1768141200;2026-01-11T16:20:00.000;401;406.497;412
1768141500;2026-01-11T16:25:00.000;403;406.686;413
1768141800;2026-01-11T16:30:00.000;401;407.645;415
1768142100;2026-01-11T16:35:00.000;402;408.052;414
1768142400;2026-01-11T16:40:00.000;403;407.271;412
1768142700;2026-01-11T16:45:00.000;400;406.569;409
1768143000;2026-01-11T16:50:00.000;406;407.219;408
1768143300;2026-01-11T16:55:00.000;403;407.598;412
1768143600;2026-01-11T17:00:00.000;405;406.907;412
1768143900;2026-01-11T17:05:00.000;403;407.437;411
1768144200;2026-01-11T17:10:00.000;407;407.886;408
1768144500;2026-01-11T17:15:00.000;399;407.176;412
1768144800;2026-01-11T17:20:00.000;407;407.801;413
1768145100;2026-01-11T17:25:00.000;407;408.124;414
1768145400;2026-01-11T17:30:00.000;402;406.199;416
1768145700;2026-01-11T17:35:00.000;401;407.231;409
1768146000;2026-01-11T17:40:00.000;403;406.606;408
1768146300;2026-01-11T17:45:00.000;400;407.128;413
1768146600;2026-01-11T17:50:00.000;403;406.433;414
1768146900;2026-01-11T17:55:00.000;400;407.081;414
1768147200;2026-01-11T18:00:00.000;407;407.375;408
1768147500;2026-01-11T18:05:00.000;402;407.928;412
1768147800;2026-01-11T18:10:00.000;403;407.445;415
1768148100;2026-01-11T18:15:00.000;403;407.435;414
1768148400;2026-01-11T18:20:00.000;400;408.197;412
1768148700;2026-01-11T18:25:00.000;408;408.178;410
1768149000;2026-01-11T18:30:00.000;397;407.101;414
1768149300;2026-01-11T18:35:00.000;404;407.377;411
1768149600;2026-01-11T18:40:00.000;403;407.443;412
1768149900;2026-01-11T18:45:00.000;399;406.935;411
1768150200;2026-01-11T18:50:00.000;403;407.631;416
1768150500;2026-01-11T18:55:00.000;408;408.264;409
1768150800;2026-01-11T19:00:00.000;402;408.467;414
1768151100;2026-01-11T19:05:00.000;401;407.125;412
1768151400;2026-01-11T19:10:00.000;403;407.342;412
1768151700;2026-01-11T19:15:00.000;405;407.802;413
1768152000;2026-01-11T19:20:00.000;408;408;408
1768152300;2026-01-11T19:25:00.000;405;407.998;411
1768152600;2026-01-11T19:30:00.000;399;407.264;414
1768152900;2026-01-11T19:35:00.000;406;407.937;414
1768153200;2026-01-11T19:40:00.000;399;407.545;414
1768153500;2026-01-11T19:45:00.000;404;408.476;414
1768153800;2026-01-11T19:50:00.000;402;406.911;415
1768154100;2026-01-11T19:55:00.000;404;408.001;411
1768154400;2026-01-11T20:00:00.000;399;405.98;415
1768154700;2026-01-11T20:05:00.000;402;406.935;418
1768155000;2026-01-11T20:10:00.000;404;407.742;417
1768155300;2026-01-11T20:15:00.000;402;408.836;412
1768155600;2026-01-11T20:20:00.000;396;406.577;414
1768155900;2026-01-11T20:25:00.000;403;409.388;415
1768156200;2026-01-11T20:30:00.000;401;407.749;415
1768156500;2026-01-11T20:35:00.000;400;407.803;414
1768156800;2026-01-11T20:40:00.000;400;406.837;413
1768157100;2026-01-11T20:45:00.000;402;408.6;415
1768157400;2026-01-11T20:50:00.000;402;408.584;415
1768157700;2026-01-11T20:55:00.000;402;408.899;416
1768158000;2026-01-11T21:00:00.000;403;407.591;409
1768158300;2026-01-11T21:05:00.000;403;407.887;409
1768158600;2026-01-11T21:10:00.000;406;409.128;411
1768158900;2026-01-11T21:15:00.000;409;409.041;410
1768159200;2026-01-11T21:20:00.000;401;409.599;413
1768159500;2026-01-11T21:25:00.000;407;409.099;416
1768159800;2026-01-11T21:30:00.000;403;409.885;416
1768160100;2026-01-11T21:35:00.000;406;409.274;415
1768160400;2026-01-11T21:40:00.000;409;409.658;410
1768160700;2026-01-11T21:45:00.000;408;409.071;410
1768161000;2026-01-11T21:50:00.000;404;408.826;416
1768161300;2026-01-11T21:55:00.000;400;408.154;417
1768161600;2026-01-11T22:00:00.000;405;410.344;417
1768161900;2026-01-11T22:05:00.000;403;408.139;418
1768162200;2026-01-11T22:10:00.000;405;408.722;411
1768162500;2026-01-11T22:15:00.000;407;409.788;416
1768162800;2026-01-11T22:20:00.000;407;411.578;413
1768163100;2026-01-11T22:25:00.000;413;416.756;421
1768163400;2026-01-11T22:30:00.000;418;418.672;423
1768163700;2026-01-11T22:35:00.000;419;419.538;421
1768164000;2026-01-11T22:40:00.000;416;420.219;428
1768164300;2026-01-11T22:45:00.000;417;421.286;426
1768164600;2026-01-11T22:50:00.000;419;422.144;426
1768164900;2026-01-11T22:55:00.000;418;422.599;427
1768165200;2026-01-11T23:00:00.000;419;423.001;424
1768165500;2026-01-11T23:05:00.000;420;423.364;432
1768165800;2026-01-11T23:10:00.000;421;424.731;427
1768166100;2026-01-11T23:15:00.000;422;423.895;429
1768166400;2026-01-11T23:20:00.000;422;425.53;442
1768166700;2026-01-11T23:25:00.000;417;424.222;429
1768167000;2026-01-11T23:30:00.000;423;424.435;425
1768167300;2026-01-11T23:35:00.000;423;424.269;434
1768167600;2026-01-11T23:40:00.000;424;424.585;425
1768167900;2026-01-11T23:45:00.000;418;423.305;434
1768168200;2026-01-11T23:50:00.000;423;424.354;425
1768168500;2026-01-11T23:55:00.000;424;424.734;437
1768168800;2026-01-12T00:00:00.000;425;427.728;429
1768169100;2026-01-12T00:05:00.000;423;425.166;428
1768169400;2026-01-12T00:10:00.000;424;424.765;425
1768169700;2026-01-12T00:15:00.000;425;427.045;437
1768170000;2026-01-12T00:20:00.000;426;427.736;429
1768170300;2026-01-12T00:25:00.000;427;427.991;429
1768170600;2026-01-12T00:30:00.000;424;426.088;429
1768170900;2026-01-12T00:35:00.000;424;424.787;425
1768171200;2026-01-12T00:40:00.000;424;429.002;431
1768171500;2026-01-12T00:45:00.000;429;429.21;430
1768171800;2026-01-12T00:50:00.000;428;428.967;430
1768172100;2026-01-12T00:55:00.000;424;428.329;434
1768172400;2026-01-12T01:00:00.000;425;427.963;433
1768172700;2026-01-12T01:05:00.000;425;427.433;437
1768173000;2026-01-12T01:10:00.000;425;425.361;426
1768173300;2026-01-12T01:15:00.000;421;425.03;435
1768173600;2026-01-12T01:20:00.000;421;427.508;429
1768173900;2026-01-12T01:25:00.000;426;426.547;428
1768174200;2026-01-12T01:30:00.000;423;426.582;431
1768174500;2026-01-12T01:35:00.000;425;426.094;427
1768174800;2026-01-12T01:40:00.000;422;426.96;441
1768175100;2026-01-12T01:45:00.000;427;427.984;430
1768175400;2026-01-12T01:50:00.000;426;426.649;427
1768175700;2026-01-12T01:55:00.000;426;426.64;427
1768176000;2026-01-12T02:00:00.000;425;426.521;428
1768176300;2026-01-12T02:05:00.000;423;425.617;438
1768176600;2026-01-12T02:10:00.000;421;427.844;433
1768176900;2026-01-12T02:15:00.000;424;428.047;431
1768177200;2026-01-12T02:20:00.000;423;426.942;434
1768177500;2026-01-12T02:25:00.000;426;427.984;434
1768177800;2026-01-12T02:30:00.000;426;426.958;428
1768178100;2026-01-12T02:35:00.000;423;426.706;432
1768178400;2026-01-12T02:40:00.000;425;426.49;428
1768178700;2026-01-12T02:45:00.000;421;427.212;435
1768179000;2026-01-12T02:50:00.000;426;426.397;428
1768179300;2026-01-12T02:55:00.000;427;427;427
1768179600;2026-01-12T03:00:00.000;426;426.897;432
1768179900;2026-01-12T03:05:00.000;426;427.911;429
1768180200;2026-01-12T03:10:00.000;426;427.007;428
1768180500;2026-01-12T03:15:00.000;425;425.937;426
1768180800;2026-01-12T03:20:00.000;426;426.201;427
1768181100;2026-01-12T03:25:00.000;426;426.293;427
1768181400;2026-01-12T03:30:00.000;426;426.214;427
1768181700;2026-01-12T03:35:00.000;425;426.129;427
1768182000;2026-01-12T03:40:00.000;420;426.395;432
1768182300;2026-01-12T03:45:00.000;421;426.736;433
1768182600;2026-01-12T03:50:00.000;423;426.977;438
1768182900;2026-01-12T03:55:00.000;426;428.236;434
1768183200;2026-01-12T04:00:00.000;425;426.871;428
1768183500;2026-01-12T04:05:00.000;424;427.255;430
1768183800;2026-01-12T04:10:00.000;426;427.266;428
1768184100;2026-01-12T04:15:00.000;426;426.608;428
1768184400;2026-01-12T04:20:00.000;425;425.977;427
1768184700;2026-01-12T04:25:00.000;425;425.894;427
1768185000;2026-01-12T04:30:00.000;425;426.202;427
1768185300;2026-01-12T04:35:00.000;426;426.084;427
1768185600;2026-01-12T04:40:00.000;424;427.109;434
1768185900;2026-01-12T04:45:00.000;421;427.365;437
1768186200;2026-01-12T04:50:00.000;426;426.466;429
1768186500;2026-01-12T04:55:00.000;426;426.453;428
1768186800;2026-01-12T05:00:00.000;426;426.311;427
1768187100;2026-01-12T05:05:00.000;426;426.994;427
1768187400;2026-01-12T05:10:00.000;426;426.15;427
1768187700;2026-01-12T05:15:00.000;425;425.877;426
1768188000;2026-01-12T05:20:00.000;426;426.105;428
1768188300;2026-01-12T05:25:00.000;425;427.133;429
1768188600;2026-01-12T05:30:00.000;426;427.367;428
1768188900;2026-01-12T05:35:00.000;424;425.906;430
1768189200;2026-01-12T05:40:00.000;427;428.498;437
1768189500;2026-01-12T05:45:00.000;426;428.647;433
1768189800;2026-01-12T05:50:00.000;427;427.743;428
1768190100;2026-01-12T05:55:00.000;427;427.124;428
1768190400;2026-01-12T06:00:00.000;422;428.054;429
1768190700;2026-01-12T06:05:00.000;427;427.707;428
1768191000;2026-01-12T06:10:00.000;427;427.357;429
1768191300;2026-01-12T06:15:00.000;422;427.912;441
1768191600;2026-01-12T06:20:00.000;425;426.042;427
1768191900;2026-01-12T06:25:00.000;423;424.631;426
1768192200;2026-01-12T06:30:00.000;416;422.32;430
1768192500;2026-01-12T06:35:00.000;418;422.837;437
1768192800;2026-01-12T06:40:00.000;418;421.808;430
1768193100;2026-01-12T06:45:00.000;419;421.266;424
1768193400;2026-01-12T06:50:00.000;411;420.904;429
1768193700;2026-01-12T06:55:00.000;419;419.937;421
1768194000;2026-01-12T07:00:00.000;416;419.518;420
1768194300;2026-01-12T07:05:00.000;416;419.544;423
1768194600;2026-01-12T07:10:00.000;416;418.517;425
1768194900;2026-01-12T07:15:00.000;411;417.666;421
1768195200;2026-01-12T07:20:00.000;412;417.047;421
1768195500;2026-01-12T07:25:00.000;418;418;418
1768195800;2026-01-12T07:30:00.000;417;473.049;713
1768196100;2026-01-12T07:35:00.000;458;490.618;599
1768196400;2026-01-12T07:40:00.000;481;514.219;550
1768196700;2026-01-12T07:45:00.000;486;492.99;501
1768197000;2026-01-12T07:50:00.000;478;487.156;491
1768197300;2026-01-12T07:55:00.000;478;481.126;487
1768197600;2026-01-12T08:00:00.000;464;474.034;485
1768197900;2026-01-12T08:05:00.000;464;472.699;483
1768198200;2026-01-12T08:10:00.000;463;468.608;477
1768198500;2026-01-12T08:15:00.000;454;464.792;470
1768198800;2026-01-12T08:20:00.000;451;460.059;472
1768199100;2026-01-12T08:25:00.000;451;456.989;459
1768199400;2026-01-12T08:30:00.000;444;454.424;464
1768199700;2026-01-12T08:35:00.000;441;448.249;459
1768200000;2026-01-12T08:40:00.000;444;448.243;453
1768200300;2026-01-12T08:45:00.000;442;444.862;450
1768200600;2026-01-12T08:50:00.000;438;441.717;448
1768200900;2026-01-12T08:55:00.000;440;440.578;442
1768201200;2026-01-12T09:00:00.000;439;439.925;441
1768201500;2026-01-12T09:05:00.000;433;437.196;440
1768201800;2026-01-12T09:10:00.000;430;432.49;434
1768202100;2026-01-12T09:15:00.000;427;432.32;440
1768202400;2026-01-12T09:20:00.000;426;430.617;440
1768202700;2026-01-12T09:25:00.000;428;430.427;434
1768203000;2026-01-12T09:30:00.000;422;429;433
1768203300;2026-01-12T09:35:00.000;421;427.376;436
1768203600;2026-01-12T09:40:00.000;422;427.523;437
1768203900;2026-01-12T09:45:00.000;422;426.411;434
1768204200;2026-01-12T09:50:00.000;424;425.172;426
1768204500;2026-01-12T09:55:00.000;421;423.945;430
1768204800;2026-01-12T10:00:00.000;423;423.628;424
1768205100;2026-01-12T10:05:00.000;422;424.115;430
1768205400;2026-01-12T10:10:00.000;424;439.336;463
1768205700;2026-01-12T10:15:00.000;416;426.092;440
1768206000;2026-01-12T10:20:00.000;422;425.6;430
1768206300;2026-01-12T10:25:00.000;421;430.253;445
1768206600;2026-01-12T10:30:00.000;438;460.236;510
1768206900;2026-01-12T10:35:00.000;451;493.381;517
1768207200;2026-01-12T10:40:00.000;495;501.069;511
1768207500;2026-01-12T10:45:00.000;483;502.667;525
1768207800;2026-01-12T10:50:00.000;486;534.811;567
1768208100;2026-01-12T10:55:00.000;508;552.226;609
1768208400;2026-01-12T11:00:00.000;496;526.495;569
1768208700;2026-01-12T11:05:00.000;509;526.968;569
1768209000;2026-01-12T11:10:00.000;512;521.471;531
1768209300;2026-01-12T11:15:00.000;505;520.18;531
1768209600;2026-01-12T11:20:00.000;506;516.793;531
1768209900;2026-01-12T11:25:00.000;496;506.103;521
1768210200;2026-01-12T11:30:00.000;491;504.732;516
1768210500;2026-01-12T11:35:00.000;489;501.528;518
1768210800;2026-01-12T11:40:00.000;479;489.053;497
1768211100;2026-01-12T11:45:00.000;490;497.096;509
1768211400;2026-01-12T11:50:00.000;485;494.058;505
1768211700;2026-01-12T11:55:00.000;483;491.346;498
1768212000;2026-01-12T12:00:00.000;493;500.236;526
1768212300;2026-01-12T12:05:00.000;481;492.201;504
1768212600;2026-01-12T12:10:00.000;477;498.809;546
1768212900;2026-01-12T12:15:00.000;482;497.444;513
1768213200;2026-01-12T12:20:00.000;472;494.073;525
1768213500;2026-01-12T12:25:00.000;483;513.008;537
1768213800;2026-01-12T12:30:00.000;491;501.465;517
1768214100;2026-01-12T12:35:00.000;486;494.611;508
1768214400;2026-01-12T12:40:00.000;468;484.289;498
1768214700;2026-01-12T12:45:00.000;474;481.784;492
1768215000;2026-01-12T12:50:00.000;478;483.573;488
1768215300;2026-01-12T12:55:00.000;479;486.281;496
1768215600;2026-01-12T13:00:00.000;472;480.469;486
1768215900;2026-01-12T13:05:00.000;467;479.512;495
1768216200;2026-01-12T13:10:00.000;469;478.877;488
1768216500;2026-01-12T13:15:00.000;471;489.359;530
1768216800;2026-01-12T13:20:00.000;474;486.197;498
1768217100;2026-01-12T13:25:00.000;472;483.941;519
1768217400;2026-01-12T13:30:00.000;475;494.449;525
1768217700;2026-01-12T13:35:00.000;473;510.474;558
1768218000;2026-01-12T13:40:00.000;463;480.477;499
1768218300;2026-01-12T13:45:00.000;485;500.387;523
1768218600;2026-01-12T13:50:00.000;480;492.967;507
1768218900;2026-01-12T13:55:00.000;472;484.98;507
1768219200;2026-01-12T14:00:00.000;467;481.206;499
1768219500;2026-01-12T14:05:00.000;466;479.452;497
1768219800;2026-01-12T14:10:00.000;473;484.847;499
1768220100;2026-01-12T14:15:00.000;485;495.964;513
1768220400;2026-01-12T14:20:00.000;492;505.862;535
1768220700;2026-01-12T14:25:00.000;527;543.796;559
1768221000;2026-01-12T14:30:00.000;538;547.831;559
1768221300;2026-01-12T14:35:00.000;538;544.104;551
1768221600;2026-01-12T14:40:00.000;526;539.105;545
1768221900;2026-01-12T14:45:00.000;525;534.245;547
1768222200;2026-01-12T14:50:00.000;515;525.345;538
1768222500;2026-01-12T14:55:00.000;519;521.761;526
1768222800;2026-01-12T15:00:00.000;506;516.136;525
1768223100;2026-01-12T15:05:00.000;504;509.562;519
1768223400;2026-01-12T15:10:00.000;496;505.449;512
1768223700;2026-01-12T15:15:00.000;486;500.884;513
1768224000;2026-01-12T15:20:00.000;484;494.03;504
1768224300;2026-01-12T15:25:00.000;484;491.642;499
1768224600;2026-01-12T15:30:00.000;479;487.783;493
1768224900;2026-01-12T15:35:00.000;475;482.252;488
1768225200;2026-01-12T15:40:00.000;470;480.541;488
1768225500;2026-01-12T15:45:00.000;468;476.09;489
1768225800;2026-01-12T15:50:00.000;465;469.784;478
1768226100;2026-01-12T15:55:00.000;459;467.029;476
1768226400;2026-01-12T16:00:00.000;459;463.997;474
1768226700;2026-01-12T16:05:00.000;457;459.597;468
1768227000;2026-01-12T16:10:00.000;445;460.071;469
1768227300;2026-01-12T16:15:00.000;448;453.613;459
1768227600;2026-01-12T16:20:00.000;445;452.73;461
1768227900;2026-01-12T16:25:00.000;444;451.059;460
1768228200;2026-01-12T16:30:00.000;441;446.522;456
1768228500;2026-01-12T16:35:00.000;441;448.034;457
1768228800;2026-01-12T16:40:00.000;441;446.131;456
1768229100;2026-01-12T16:45:00.000;435;442.252;457
1768229400;2026-01-12T16:50:00.000;433;440.839;452
1768229700;2026-01-12T16:55:00.000;427;436.895;452
1768230000;2026-01-12T17:00:00.000;429;436.471;445
1768230300;2026-01-12T17:05:00.000;429;435.879;447
1768230600;2026-01-12T17:10:00.000;431;434.93;443
1768230900;2026-01-12T17:15:00.000;425;434.966;443
1768231200;2026-01-12T17:20:00.000;426;432.233;445
1768231500;2026-01-12T17:25:00.000;426;431.092;439
1768231800;2026-01-12T17:30:00.000;426;429.874;437
1768232100;2026-01-12T17:35:00.000;419;427.694;433
1768232400;2026-01-12T17:40:00.000;421;428.512;440
1768232700;2026-01-12T17:45:00.000;417;427.552;439
1768233000;2026-01-12T17:50:00.000;422;426.292;430
1768233300;2026-01-12T17:55:00.000;419;425.646;438
1768233600;2026-01-12T18:00:00.000;418;424.96;434
1768233900;2026-01-12T18:05:00.000;421;424.97;431
1768234200;2026-01-12T18:10:00.000;420;423.673;429
1768234500;2026-01-12T18:15:00.000;415;421.912;433
1768234800;2026-01-12T18:20:00.000;418;421.715;430
1768235100;2026-01-12T18:25:00.000;420;424.082;432
1768235400;2026-01-12T18:30:00.000;417;423.242;427
1768235700;2026-01-12T18:35:00.000;415;422.275;432
1768236000;2026-01-12T18:40:00.000;417;423.082;429
1768236300;2026-01-12T18:45:00.000;417;421.87;428
1768236600;2026-01-12T18:50:00.000;417;421.126;429
1768236900;2026-01-12T18:55:00.000;415;420.979;431
1768237200;2026-01-12T19:00:00.000;417;419.697;426
1768237500;2026-01-12T19:05:00.000;413;421.136;427
1768237800;2026-01-12T19:10:00.000;415;420.323;426
1768238100;2026-01-12T19:15:00.000;417;421.746;432
1768238400;2026-01-12T19:20:00.000;413;418.386;425
1768238700;2026-01-12T19:25:00.000;412;419.83;431
1768239000;2026-01-12T19:30:00.000;414;419.309;428
1768239300;2026-01-12T19:35:00.000;408;419.632;431
1768239600;2026-01-12T19:40:00.000;408;419.582;426
1768239900;2026-01-12T19:45:00.000;415;419.747;427
1768240200;2026-01-12T19:50:00.000;410;418.159;427
1768240500;2026-01-12T19:55:00.000;414;419.952;428
1768240800;2026-01-12T20:00:00.000;414;419.35;424
1768241100;2026-01-12T20:05:00.000;408;417.742;423
1768241400;2026-01-12T20:10:00.000;413;417.037;424
1768241700;2026-01-12T20:15:00.000;409;418.669;428
1768242000;2026-01-12T20:20:00.000;410;416.33;425
1768242300;2026-01-12T20:25:00.000;408;417.464;422
1768242600;2026-01-12T20:30:00.000;411;417.448;427
1768242900;2026-01-12T20:35:00.000;405;413.925;422
1768243200;2026-01-12T20:40:00.000;414;416.527;422
1768243500;2026-01-12T20:45:00.000;412;416.098;422
1768243800;2026-01-12T20:50:00.000;412;415.039;421
1768244100;2026-01-12T20:55:00.000;409;415.407;422
1768244400;2026-01-12T21:00:00.000;411;418.135;423
1768244700;2026-01-12T21:05:00.000;415;417.289;421
1768245000;2026-01-12T21:10:00.000;412;417.32;423
1768245300;2026-01-12T21:15:00.000;413;417.078;420
1768245600;2026-01-12T21:20:00.000;414;415.431;416
1768245900;2026-01-12T21:25:00.000;414;414.201;415
1768246200;2026-01-12T21:30:00.000;410;415.524;423
1768246500;2026-01-12T21:35:00.000;411;417.587;422
1768246800;2026-01-12T21:40:00.000;411;415.689;426
1768247100;2026-01-12T21:45:00.000;411;415.241;422
1768247400;2026-01-12T21:50:00.000;413;416.25;424
1768247700;2026-01-12T21:55:00.000;417;417.758;418
1768248000;2026-01-12T22:00:00.000;413;416.66;418
1768248300;2026-01-12T22:05:00.000;412;414.95;421
1768248600;2026-01-12T22:10:00.000;414;414.799;415
1768248900;2026-01-12T22:15:00.000;410;414.96;420
1768249200;2026-01-12T22:20:00.000;409;414.499;421
1768249500;2026-01-12T22:25:00.000;412;418.893;426
1768249800;2026-01-12T22:30:00.000;414;423.584;433
1768250100;2026-01-12T22:35:00.000;421;428.381;433
1768250400;2026-01-12T22:40:00.000;428;429.333;431
1768250700;2026-01-12T22:45:00.000;420;429.175;442
1768251000;2026-01-12T22:50:00.000;425;429.847;438
1768251300;2026-01-12T22:55:00.000;431;431.351;432
1768251600;2026-01-12T23:00:00.000;424;434.028;442
1768251900;2026-01-12T23:05:00.000;431;432.806;437
1768252200;2026-01-12T23:10:00.000;428;433.128;441
1768252500;2026-01-12T23:15:00.000;427;433.768;446
1768252800;2026-01-12T23:20:00.000;424;434.723;444
1768253100;2026-01-12T23:25:00.000;430;433.703;442
1768253400;2026-01-12T23:30:00.000;429;434.444;435
1768253700;2026-01-12T23:35:00.000;431;435.786;439
1768254000;2026-01-12T23:40:00.000;429;435.037;437
1768254300;2026-01-12T23:45:00.000;427;435.87;438
1768254600;2026-01-12T23:50:00.000;432;435.954;438
1768254900;2026-01-12T23:55:00.000;433;436.287;441
1768255200;2026-01-13T00:00:00.000;431;436.505;439
1768255500;2026-01-13T00:05:00.000;436;437.061;438
1768255800;2026-01-13T00:10:00.000;436;437.312;438
1768256100;2026-01-13T00:15:00.000;437;438.096;442
1768256400;2026-01-13T00:20:00.000;436;437.469;439
1768256700;2026-01-13T00:25:00.000;437;437.362;439
1768257000;2026-01-13T00:30:00.000;437;438.538;439
1768257300;2026-01-13T00:35:00.000;437;439.075;440
1768257600;2026-01-13T00:40:00.000;431;438.295;442
1768257900;2026-01-13T00:45:00.000;438;438.76;439
1768258200;2026-01-13T00:50:00.000;438;438.949;439
1768258500;2026-01-13T00:55:00.000;438;439.043;441
1768258800;2026-01-13T01:00:00.000;439;440.257;443
1768259100;2026-01-13T01:05:00.000;437;438.152;440
1768259400;2026-01-13T01:10:00.000;431;437.259;439
1768259700;2026-01-13T01:15:00.000;436;438.222;441
1768260000;2026-01-13T01:20:00.000;439;440.163;441
1768260300;2026-01-13T01:25:00.000;430;439.588;442
1768260600;2026-01-13T01:30:00.000;440;440;440
1768260900;2026-01-13T01:35:00.000;440;440.676;443
1768261200;2026-01-13T01:40:00.000;439;440.002;441
1768261500;2026-01-13T01:45:00.000;435;438.753;449
1768261800;2026-01-13T01:50:00.000;439;440.186;441
1768262100;2026-01-13T01:55:00.000;438;439.191;441
1768262400;2026-01-13T02:00:00.000;432;438.292;445
1768262700;2026-01-13T02:05:00.000;439;439.444;440
1768263000;2026-01-13T02:10:00.000;439;439.474;440
1768263300;2026-01-13T02:15:00.000;437;440.077;452
1768263600;2026-01-13T02:20:00.000;440;440.262;441
1768263900;2026-01-13T02:25:00.000;440;440.048;441
1768264200;2026-01-13T02:30:00.000;439;440.072;443
1768264500;2026-01-13T02:35:00.000;432;440.332;443
1768264800;2026-01-13T02:40:00.000;440;440.7;441
1768265100;2026-01-13T02:45:00.000;436;440.585;445
1768265400;2026-01-13T02:50:00.000;434;439.483;441
1768265700;2026-01-13T02:55:00.000;439;439.338;441
1768266000;2026-01-13T03:00:00.000;439;439.312;440
1768266300;2026-01-13T03:05:00.000;439;439.571;441
1768266600;2026-01-13T03:10:00.000;440;440.364;441
1768266900;2026-01-13T03:15:00.000;434;440.312;442
1768267200;2026-01-13T03:20:00.000;439;439.963;447
1768267500;2026-01-13T03:25:00.000;439;440.053;442
1768267800;2026-01-13T03:30:00.000;435;439.841;446
1768268100;2026-01-13T03:35:00.000;437;439.409;447
1768268400;2026-01-13T03:40:00.000;430;439.478;445
1768268700;2026-01-13T03:45:00.000;439;439.664;440
1768269000;2026-01-13T03:50:00.000;439;439.513;440
1768269300;2026-01-13T03:55:00.000;438;439.265;443
1768269600;2026-01-13T04:00:00.000;430;440.042;445
1768269900;2026-01-13T04:05:00.000;438;439.948;446
1768270200;2026-01-13T04:10:00.000;435;439.055;441
1768270500;2026-01-13T04:15:00.000;439;439.454;441
1768270800;2026-01-13T04:20:00.000;439;439.473;440
1768271100;2026-01-13T04:25:00.000;438;438.52;440
1768271400;2026-01-13T04:30:00.000;439;439.45;440
1768271700;2026-01-13T04:35:00.000;438;439.069;440
1768272000;2026-01-13T04:40:00.000;436;438.978;440
1768272300;2026-01-13T04:45:00.000;435;436.204;437
1768272600;2026-01-13T04:50:00.000;436;436.234;437
1768272900;2026-01-13T04:55:00.000;429;437.762;448
1768273200;2026-01-13T05:00:00.000;436;438.55;440
1768273500;2026-01-13T05:05:00.000;439;439.91;441
1768273800;2026-01-13T05:10:00.000;439;439.949;441
1768274100;2026-01-13T05:15:00.000;433;438.178;440
1768274400;2026-01-13T05:20:00.000;436;436.757;437
1768274700;2026-01-13T05:25:00.000;437;439.291;446
1768275000;2026-01-13T05:30:00.000;439;439.731;440
1768275300;2026-01-13T05:35:00.000;439;441.013;445
1768275600;2026-01-13T05:40:00.000;432;438.326;441
1768275900;2026-01-13T05:45:00.000;435;435.84;436
1768276200;2026-01-13T05:50:00.000;432;437.379;444
1768276500;2026-01-13T05:55:00.000;438;438.692;440
1768276800;2026-01-13T06:00:00.000;438;438.754;440
1768277100;2026-01-13T06:05:00.000;437;437.784;439
1768277400;2026-01-13T06:10:00.000;429;437.591;440
1768277700;2026-01-13T06:15:00.000;435;437.133;447
1768278000;2026-01-13T06:20:00.000;436;438.097;442
1768278300;2026-01-13T06:25:00.000;425;435.569;442
1768278600;2026-01-13T06:30:00.000;430;431.163;432
1768278900;2026-01-13T06:35:00.000;426;429.544;438
1768279200;2026-01-13T06:40:00.000;423;428.588;439
1768279500;2026-01-13T06:45:00.000;420;425.313;432
1768279800;2026-01-13T06:50:00.000;418;423.033;429
1768280100;2026-01-13T06:55:00.000;415;421.725;423
1768280400;2026-01-13T07:00:00.000;415;420.214;428
1768280700;2026-01-13T07:05:00.000;419;420.428;423
1768281000;2026-01-13T07:10:00.000;420;420.811;425
1768281300;2026-01-13T07:15:00.000;415;419.161;435
1768281600;2026-01-13T07:20:00.000;415;419.151;428
1768281900;2026-01-13T07:25:00.000;418;418.836;422
1768282200;2026-01-13T07:30:00.000;414;418.224;424
1768282500;2026-01-13T07:35:00.000;408;416.532;425
1768282800;2026-01-13T07:40:00.000;415;415.783;417
1768283100;2026-01-13T07:45:00.000;409;417.47;424
1768283400;2026-01-13T07:50:00.000;411;416.444;420
1768283700;2026-01-13T07:55:00.000;409;413.139;424
1768284000;2026-01-13T08:00:00.000;406;415.278;419
1768284300;2026-01-13T08:05:00.000;409;413.656;420
1768284600;2026-01-13T08:10:00.000;409;414.516;420
1768284900;2026-01-13T08:15:00.000;404;413.591;422
1768285200;2026-01-13T08:20:00.000;409;413.358;418
1768285500;2026-01-13T08:25:00.000;407;414.079;423
1768285800;2026-01-13T08:30:00.000;406;412.003;422
1768286100;2026-01-13T08:35:00.000;406;412.047;420
1768286400;2026-01-13T08:40:00.000;407;411.361;419
1768286700;2026-01-13T08:45:00.000;406;411.351;420
1768287000;2026-01-13T08:50:00.000;409;411.805;419
1768287300;2026-01-13T08:55:00.000;405;411.451;421
1768287600;2026-01-13T09:00:00.000;402;411.092;417
1768287900;2026-01-13T09:05:00.000;405;411.798;420
1768288200;2026-01-13T09:10:00.000;405;411.979;417
1768288500;2026-01-13T09:15:00.000;405;412.122;420
1768288800;2026-01-13T09:20:00.000;405;410.227;416
1768289100;2026-01-13T09:25:00.000;405;411.167;418
1768289400;2026-01-13T09:30:00.000;405;411.938;417
1768289700;2026-01-13T09:35:00.000;401;411.059;415
1768290000;2026-01-13T09:40:00.000;405;410.74;419
1768290300;2026-01-13T09:45:00.000;404;411.563;418
1768290600;2026-01-13T09:50:00.000;403;410.165;417
1768290900;2026-01-13T09:55:00.000;403;410.618;418
1768291200;2026-01-13T10:00:00.000;400;410.521;419
1768291500;2026-01-13T10:05:00.000;406;411.678;418
1768291800;2026-01-13T10:10:00.000;409;411.978;416
1768292100;2026-01-13T10:15:00.000;406;413.015;416
1768292400;2026-01-13T10:20:00.000;412;412.012;413
1768292700;2026-01-13T10:25:00.000;404;411.255;416
1768293000;2026-01-13T10:30:00.000;402;412.596;419
1768293300;2026-01-13T10:35:00.000;405;410.728;420
1768293600;2026-01-13T10:40:00.000;407;411.864;419
1768293900;2026-01-13T10:45:00.000;406;411.448;421
1768294200;2026-01-13T10:50:00.000;403;410.1;419
1768294500;2026-01-13T10:55:00.000;406;411.269;422
1768294800;2026-01-13T11:00:00.000;410;412.123;419
1768295100;2026-01-13T11:05:00.000;406;411.458;419
1768295400;2026-01-13T11:10:00.000;403;412.112;424
1768295700;2026-01-13T11:15:00.000;405;411.61;420
1768296000;2026-01-13T11:20:00.000;408;413.688;422
1768296300;2026-01-13T11:25:00.000;410;413.304;419
1768296600;2026-01-13T11:30:00.000;406;412.32;421
1768296900;2026-01-13T11:35:00.000;403;412.756;425
1768297200;2026-01-13T11:40:00.000;407;412.053;423
1768297500;2026-01-13T11:45:00.000;409;413.45;423
1768297800;2026-01-13T11:50:00.000;410;415.27;421
1768298100;2026-01-13T11:55:00.000;408;415.384;422
1768298400;2026-01-13T12:00:00.000;411;416.972;422
1768298700;2026-01-13T12:05:00.000;406;414.978;422
1768299000;2026-01-13T12:10:00.000;408;417.45;423
1768299300;2026-01-13T12:15:00.000;409;418.647;426
1768299600;2026-01-13T12:20:00.000;415;416.981;418
1768299900;2026-01-13T12:25:00.000;413;416.629;429
1768300200;2026-01-13T12:30:00.000;413;418.411;427
1768300500;2026-01-13T12:35:00.000;412;417.335;424
1768300800;2026-01-13T12:40:00.000;410;415.81;422
1768301100;2026-01-13T12:45:00.000;410;415.748;432
1768301400;2026-01-13T12:50:00.000;411;416.447;424
1768301700;2026-01-13T12:55:00.000;407;415.494;423
1768302000;2026-01-13T13:00:00.000;414;418.282;428
1768302300;2026-01-13T13:05:00.000;414;419.3;426
1768302600;2026-01-13T13:10:00.000;415;418.898;425
1768302900;2026-01-13T13:15:00.000;410;418.378;430
1768303200;2026-01-13T13:20:00.000;412;418.517;422
1768303500;2026-01-13T13:25:00.000;431;449.144;458
1768303800;2026-01-13T13:30:00.000;458;468.162;476
1768304100;2026-01-13T13:35:00.000;457;484.764;499
1768304400;2026-01-13T13:40:00.000;492;501.845;507
1768304700;2026-01-13T13:45:00.000;507;512.843;522
1768305000;2026-01-13T13:50:00.000;518;521.692;532
1768305300;2026-01-13T13:55:00.000;517;675.995;785
1768305600;2026-01-13T14:00:00.000;785;812.067;829
1768305900;2026-01-13T14:05:00.000;819;823.229;829
1768306200;2026-01-13T14:10:00.000;826;837.165;841
1768306500;2026-01-13T14:15:00.000;837;843.694;852
1768306800;2026-01-13T14:20:00.000;842;846.152;862
1768307100;2026-01-13T14:25:00.000;848;860.32;876
1768307400;2026-01-13T14:30:00.000;806;828.1;855
1768307700;2026-01-13T14:35:00.000;784;794.413;806
1768308000;2026-01-13T14:40:00.000;765;775.214;786
1768308300;2026-01-13T14:45:00.000;768;771.248;775
1768308600;2026-01-13T14:50:00.000;770;775.537;787
1768308900;2026-01-13T14:55:00.000;768;778.589;787
1768309200;2026-01-13T15:00:00.000;780;788.736;796
1768309500;2026-01-13T15:05:00.000;777;795.956;814
1768309800;2026-01-13T15:10:00.000;802;812.932;824
1768310100;2026-01-13T15:15:00.000;814;825.051;832
1768310400;2026-01-13T15:20:00.000;822;828.254;841
1768310700;2026-01-13T15:25:00.000;819;830.73;839
1768311000;2026-01-13T15:30:00.000;829;839.19;862
1768311300;2026-01-13T15:35:00.000;862;882.305;907
1768311600;2026-01-13T15:40:00.000;899;908.023;917
1768311900;2026-01-13T15:45:00.000;916;923.007;936
1768312200;2026-01-13T15:50:00.000;926;935.315;945
1768310700;2026-01-13T15:25:00.000;938;946.932;954
