UNIX time;Local time;humidity min;humidity avg;humidity max;pressure min;pressure avg;pressure max;temperature min;temperature avg;temperature max
1754573525;2025-08-07T16:32:05.000;53.31;53.31;53.31;1012.71222;1012.716276;1012.71729;23.495;23.495;23.495
1754573585;2025-08-07T16:33:05.000;53.043;53.352;53.715;1012.471902;1012.547952;1012.71222;23.495;23.503;23.506
1754573645;2025-08-07T16:34:05.000;53.188;53.269;53.394;1012.39788;1012.434384;1012.476972;23.495;23.501;23.506
1754573705;2025-08-07T16:35:05.000;53.219;53.482;53.684;1012.4262719999999;1012.4668320000001;1012.52463;23.495;23.502;23.506
1754573765;2025-08-07T16:36:05.000;53.631;53.794;54.005;1012.4130899999999;1012.467846;1012.52463;23.506;23.51;23.517
1754573825;2025-08-07T16:37:05.000;53.715;53.875;53.982;1012.4668320000001;1012.4982660000001;1012.537812;23.517;23.517;23.528
1754573885;2025-08-07T16:38:05.000;53.425;53.505;53.715;1012.476972;1012.516518;1012.547952;23.517;23.522;23.528
1754573945;2025-08-07T16:39:05.000;53.425;53.529;53.6;1012.479;1012.512462;1012.5449100000001;23.517;23.527;23.528
1754574005;2025-08-07T16:40:05.000;53.28;53.534;53.654;1012.456692;1012.503336;1012.5631619999999;23.528;23.528;23.538
1754574065;2025-08-07T16:41:05.000;53.28;53.534;53.829;1012.479;1012.5215880000001;1012.5601200000001;23.528;23.532;23.538
1754574125;2025-08-07T16:42:05.000;53.654;53.865;54.005;1012.487112;1012.5296999999999;1012.573302;23.538;23.538;23.538
1754574185;2025-08-07T16:43:05.000;53.631;53.859;53.982;1012.5043499999999;1012.5601200000001;1012.6513799999999;23.538;23.542;23.549
1754574245;2025-08-07T16:44:05.000;53.86;53.982;54.15;1012.479;1012.5296999999999;1012.573302;23.538;23.548;23.549
1754574305;2025-08-07T16:45:05.000;54.066;54.307;54.501;1012.47393;1012.523616;1012.558092;23.549;23.549;23.549
1754574365;2025-08-07T16:46:05.000;54.005;54.059;54.096;1012.456692;1012.5296999999999;1012.583442;23.549;23.553;23.56
1754574425;2025-08-07T16:47:05.000;54.066;54.271;54.333;1012.476972;1012.538826;1012.61589;23.549;23.563;23.57
1754574485;2025-08-07T16:48:05.000;53.776;54.008;54.356;1012.46379;1012.49928;1012.5296999999999;23.57;23.57;23.57
1754574545;2025-08-07T16:49:05.000;53.806;53.98;54.066;1012.4333700000001;1012.4962380000001;1012.532742;23.57;23.58;23.581
1754574605;2025-08-07T16:50:05.000;53.89;53.954;54.005;1012.416132;1012.4688600000001;1012.512462;23.581;23.586;23.592
1754574665;2025-08-07T16:51:05.000;53.86;53.963;54.066;1012.411062;1012.465818;1012.522602;23.592;23.596;23.603
1754574725;2025-08-07T16:52:05.000;54.005;54.21;54.478;1012.385712;1012.459734;1012.517532;23.603;23.603;23.613
1754574785;2025-08-07T16:53:05.000;54.096;54.131;54.15;1012.4029499999999;1012.437426;1012.4820420000001;23.603;23.603;23.613
1754574845;2025-08-07T16:54:05.000;54.127;54.272;54.333;1012.38267;1012.427286;1012.4688600000001;23.603;23.605;23.613
1754574905;2025-08-07T16:55:05.000;54.272;54.325;54.417;1012.38267;1012.412076;1012.4435100000001;23.603;23.613;23.624
1754574965;2025-08-07T16:56:05.000;54.417;54.475;54.531;1012.370502;1012.4039640000001;1012.44858;23.613;23.627;23.635
1754575025;2025-08-07T16:57:05.000;54.272;54.395;54.501;1012.37253;1012.407006;1012.441482;23.635;23.639;23.646
1754575085;2025-08-07T16:58:05.000;54.447;54.488;54.501;1012.400922;1012.429314;1012.45872;23.646;23.652;23.656
1754575145;2025-08-07T16:59:05.000;54.478;54.505;54.562;1012.385712;1012.4323559999999;1012.46379;23.656;23.656;23.667
1754575200;2025-08-07T17:00:00.000;54.562;54.63;54.768;1012.3907820000001;1012.421202;1012.446552;23.656;23.668;23.678
1754575260;2025-08-07T17:01:00.000;54.646;54.714;54.821;1012.3674599999999;1012.398894;1012.4333700000001;23.678;23.678;23.688
1754575320;2025-08-07T17:02:00.000;54.707;54.784;54.852;1012.35732;1012.399908;1012.436412;23.678;23.687;23.699
1754575380;2025-08-07T17:03:00.000;54.737;54.809;54.913;1012.411062;1012.459734;1012.517532;23.688;23.703;23.71
1754575440;2025-08-07T17:04:00.000;54.913;54.958;54.997;1012.370502;1012.459734;1012.512462;23.71;23.724;23.742
1754575500;2025-08-07T17:05:00.000;54.707;54.962;55.111;1012.3552920000001;1012.4141040000001;1012.45365;23.731;23.744;23.753
1754575560;2025-08-07T17:06:00.000;54.417;54.493;54.707;1012.3928099999999;1012.419174;1012.4516219999999;23.742;23.754;23.764
1754575620;2025-08-07T17:07:00.000;54.501;54.541;54.646;1012.385712;1012.419174;1012.45872;23.742;23.747;23.753
1754575680;2025-08-07T17:08:00.000;54.646;54.9;55.027;1012.400922;1012.444524;1012.49421;23.742;23.745;23.753
1754575740;2025-08-07T17:09:00.000;54.707;54.768;54.882;1012.3907820000001;1012.434384;1012.4688600000001;23.753;23.782;23.817
1754575800;2025-08-07T17:10:00.000;54.585;54.803;54.966;1012.3248719999999;1012.388754;1012.43844;23.817;23.86;23.903
1754575860;2025-08-07T17:11:00.000;54.386;54.46;54.585;1012.2964800000001;1012.333998;1012.380642;23.903;23.939;23.967
1754575920;2025-08-07T17:12:00.000;54.089;54.214;54.417;1012.26099;1012.303578;1012.34718;23.967;24.009;24.042
1754575980;2025-08-07T17:13:00.000;54.058;54.068;54.089;1012.2660599999999;1012.29141;1012.3269;24.042;24.072;24.096
1754576040;2025-08-07T17:14:00.000;54.058;54.296;54.562;1012.208262;1012.25085;1012.30155;24.096;24.122;24.15
1754576100;2025-08-07T17:15:00.000;54.562;54.573;54.585;1012.21536;1012.254906;1012.29141;24.139;24.159;24.171
1754576160;2025-08-07T17:16:00.000;54.531;54.623;54.729;1012.2255;1012.274172;1012.329942;24.171;24.18;24.193
1754576220;2025-08-07T17:17:00.000;54.729;54.91;54.997;1012.2255;1012.28127;1012.3319700000001;24.182;24.193;24.203
1754576280;2025-08-07T17:18:00.000;54.882;55.006;55.08;1012.279242;1012.31169;1012.340082;24.193;24.193;24.193
1754576340;2025-08-07T17:19:00.000;54.966;54.995;55.111;1012.30155;1012.33704;1012.4181600000001;24.182;24.193;24.193
1754576400;2025-08-07T17:20:00.000;55.027;55.123;55.317;1012.2893819999999;1012.34718;1012.4130899999999;24.171;24.183;24.193
1754576460;2025-08-07T17:21:00.000;55.08;55.205;55.317;1012.30155;1012.368474;1012.4029499999999;24.15;24.162;24.182
1754576520;2025-08-07T17:22:00.000;55.172;55.263;55.347;1012.360362;1012.395852;1012.431342;24.128;24.142;24.15
1754576580;2025-08-07T17:23:00.000;55.347;55.396;55.462;1012.36239;1012.4130899999999;1012.45365;24.117;24.125;24.128
1754576640;2025-08-07T17:24:00.000;55.317;55.428;55.492;1012.35732;1012.38774;1012.421202;24.107;24.117;24.117
1754576700;2025-08-07T17:25:00.000;55.431;55.46;55.492;1012.35225;1012.3846980000001;1012.4130899999999;24.117;24.117;24.128
1754576760;2025-08-07T17:26:00.000;55.492;55.534;55.607;1012.35732;1012.398894;1012.446552;24.117;24.126;24.128
1754576820;2025-08-07T17:27:00.000;55.523;55.565;55.607;1012.365432;1012.404978;1012.45365;24.128;24.129;24.139
1754576880;2025-08-07T17:28:00.000;55.553;55.629;55.782;1012.33704;1012.375572;1012.4181600000001;24.128;24.13;24.139
1754576940;2025-08-07T17:29:00.000;55.729;55.795;55.874;1012.34718;1012.391796;1012.4283;24.107;24.122;24.128
1754577000;2025-08-07T17:30:00.000;55.759;55.791;55.843;1012.3674599999999;1012.407006;1012.4435100000001;24.107;24.112;24.117
1754577060;2025-08-07T17:31:00.000;55.782;55.816;55.843;1012.405992;1012.429314;1012.456692;24.107;24.107;24.107
1754577120;2025-08-07T17:32:00.000;55.782;55.895;56.049;1012.385712;1012.4222159999999;1012.44858;24.107;24.107;24.117
1754577180;2025-08-07T17:33:00.000;55.874;55.946;55.988;1012.40802;1012.441482;1012.4820420000001;24.107;24.107;24.117
1754577240;2025-08-07T17:34:00.000;55.874;55.924;56.019;1012.3928099999999;1012.434384;1012.527672;24.096;24.109;24.117
1754577300;2025-08-07T17:35:00.000;55.698;55.793;55.904;1012.385712;1012.4394540000001;1012.537812;24.085;24.087;24.096
1754577360;2025-08-07T17:36:00.000;55.492;55.623;55.782;1012.3776;1012.40802;1012.4435100000001;24.085;24.085;24.085
1754577420;2025-08-07T17:37:00.000;55.462;55.51;55.607;1012.3928099999999;1012.467846;1012.5398399999999;24.064;24.075;24.096
1754577480;2025-08-07T17:38:00.000;55.607;55.686;55.759;1012.3907820000001;1012.4232300000001;1012.45872;24.064;24.066;24.075
1754577540;2025-08-07T17:39:00.000;55.523;55.62;55.729;1012.3928099999999;1012.430328;1012.527672;24.053;24.074;24.075
1754577600;2025-08-07T17:40:00.000;55.439;55.538;55.637;1012.4668320000001;1012.508406;1012.547952;24.01;24.034;24.064
1754577660;2025-08-07T17:41:00.000;55.462;55.633;55.759;1012.4688600000001;1012.49928;1012.5398399999999;23.967;23.987;24.01
1754577720;2025-08-07T17:42:00.000;55.668;55.807;55.988;1012.4921820000001;1012.527672;1012.5702600000001;23.946;23.956;23.967
1754577780;2025-08-07T17:43:00.000;55.988;56.066;56.103;1012.517532;1012.545924;1012.573302;23.924;23.931;23.946
1754577840;2025-08-07T17:44:00.000;56.08;56.161;56.225;1012.4921820000001;1012.52463;1012.55505;23.914;23.917;23.924
1754577900;2025-08-07T17:45:00.000;56.164;56.201;56.225;1012.4516219999999;1012.488126;1012.532742;23.914;23.914;23.914
1754577960;2025-08-07T17:46:00.000;56.194;56.246;56.309;1012.4232300000001;1012.464804;1012.49421;23.903;23.906;23.914
1754578020;2025-08-07T17:47:00.000;56.286;56.447;56.782;1012.4262719999999;1012.44858;1012.471902;23.892;23.9;23.903
1754578080;2025-08-07T17:48:00.000;56.576;56.647;56.805;1012.31676;1012.363404;1012.45365;23.892;23.893;23.903
1754578140;2025-08-07T17:49:00.000;56.545;56.646;56.835;1012.31676;1012.350222;1012.375572;23.892;23.894;23.903
1754578200;2025-08-07T17:50:00.000;56.69;56.775;56.866;1012.309662;1012.3360260000001;1012.36239;23.892;23.909;23.914
1754578260;2025-08-07T17:51:00.000;56.545;56.683;56.751;1012.309662;1012.3350119999999;1012.3552920000001;23.914;23.928;23.935
1754578320;2025-08-07T17:52:00.000;56.545;56.64;56.782;1012.2761999999999;1012.310676;1012.34211;23.935;23.955;23.978
1754578380;2025-08-07T17:53:00.000;56.545;56.671;56.896;1012.2660599999999;1012.297494;1012.33704;23.978;24.009;24.032
1754578440;2025-08-07T17:54:00.000;56.69;56.804;56.927;1012.269102;1012.297494;1012.3319700000001;24.021;24.023;24.032
1754578500;2025-08-07T17:55:00.000;56.751;56.842;56.927;1012.269102;1012.293438;1012.3269;24.01;24.019;24.021
1754578560;2025-08-07T17:56:00.000;56.721;56.792;56.866;1012.27113;1012.3025640000001;1012.3319700000001;24.01;24.024;24.042
1754578620;2025-08-07T17:57:00.000;56.69;56.819;57.072;1012.22043;1012.270116;1012.3147319999999;24.042;24.065;24.096
1754578680;2025-08-07T17:58:00.000;56.782;56.86;57.011;1012.1545199999999;1012.209276;1012.258962;24.096;24.125;24.16
1754578740;2025-08-07T17:59:00.000;56.576;56.686;56.835;1012.09875;1012.150464;1012.20015;24.16;24.177;24.193
1754578800;2025-08-07T18:00:00.000;56.545;56.545;56.576;1012.09368;1012.118016;1012.14438;24.193;24.208;24.225
1754578860;2025-08-07T18:01:00.000;56.515;56.543;56.545;1012.035882;1012.096722;1012.13424;24.225;24.239;24.257
1754578920;2025-08-07T18:02:00.000;56.545;56.647;56.812;1012.0156020000001;1012.084554;1012.1545199999999;24.246;24.256;24.257
1754578980;2025-08-07T18:03:00.000;56.812;56.896;56.988;1012.071372;1012.1058479999999;1012.147422;24.235;24.251;24.257
1754579040;2025-08-07T18:04:00.000;56.896;56.944;56.988;1012.0510919999999;1012.1210580000001;1012.193052;24.214;24.23;24.235
1754579100;2025-08-07T18:05:00.000;56.988;57.044;57.072;1012.147422;1012.198122;1012.25085;24.203;24.212;24.225
1754579160;2025-08-07T18:06:00.000;57.041;57.076;57.102;1012.203192;1012.2325979999999;1012.28634;24.193;24.196;24.203
1754579220;2025-08-07T18:07:00.000;57.018;57.04;57.041;1012.193052;1012.2538920000001;1012.3066200000001;24.182;24.193;24.193
1754579280;2025-08-07T18:08:00.000;56.751;56.991;57.041;1012.2538920000001;1012.284312;1012.319802;24.193;24.193;24.193
1754579340;2025-08-07T18:09:00.000;56.431;56.522;56.751;1012.193052;1012.282284;1012.340082;24.193;24.195;24.203
1754579400;2025-08-07T18:10:00.000;56.576;56.794;56.866;1012.29141;1012.3258860000001;1012.37253;24.193;24.198;24.203
1754579460;2025-08-07T18:11:00.000;56.751;56.843;56.866;1012.31169;1012.350222;1012.3776;24.182;24.188;24.193
1754579520;2025-08-07T18:12:00.000;56.66;56.699;56.812;1012.31676;1012.366446;1012.40802;24.171;24.174;24.182
1754579580;2025-08-07T18:13:00.000;56.721;56.818;56.835;1012.329942;1012.370502;1012.400922;24.171;24.171;24.171
1754579640;2025-08-07T18:14:00.000;56.69;56.74;56.812;1012.3552920000001;1012.381656;1012.411062;24.171;24.178;24.193
1754579700;2025-08-07T18:15:00.000;56.69;56.767;56.927;1012.3451520000001;1012.375572;1012.40802;24.182;24.191;24.193
1754579760;2025-08-07T18:16:00.000;56.812;56.857;56.927;1012.3350119999999;1012.386726;1012.431342;24.182;24.192;24.193
1754579820;2025-08-07T18:17:00.000;56.721;56.874;56.927;1012.365432;1012.394838;1012.4262719999999;24.182;24.189;24.193
1754579880;2025-08-07T18:18:00.000;56.69;56.755;56.812;1012.3552920000001;1012.394838;1012.421202;24.193;24.21;24.225
1754579940;2025-08-07T18:19:00.000;56.606;56.649;56.721;1012.3319700000001;1012.3745580000001;1012.4130899999999;24.225;24.24;24.257
1754580000;2025-08-07T18:20:00.000;56.545;56.583;56.606;1012.340082;1012.366446;1012.411062;24.257;24.271;24.289
1754580060;2025-08-07T18:21:00.000;56.484;56.549;56.606;1012.299522;1012.378614;1012.4181600000001;24.289;24.305;24.321
1754580120;2025-08-07T18:22:00.000;56.484;56.535;56.606;1012.350222;1012.3836839999999;1012.416132;24.311;24.319;24.332
1754580180;2025-08-07T18:23:00.000;56.461;56.481;56.484;1012.258962;1012.3157460000001;1012.3776;24.332;24.338;24.353
1754580240;2025-08-07T18:24:00.000;55.637;55.961;56.484;1012.269102;1012.313718;1012.3674599999999;24.332;24.346;24.353
1754580300;2025-08-07T18:25:00.000;55.576;55.667;55.729;1012.29141;1012.353264;1012.411062;24.3;24.32;24.343
1754580360;2025-08-07T18:26:00.000;55.576;55.78;56.08;1012.36239;1012.419174;1012.4688600000001;24.257;24.277;24.3
1754580420;2025-08-07T18:27:00.000;56.08;56.188;56.286;1012.46379;1012.50942;1012.5449100000001;24.214;24.231;24.257
1754580480;2025-08-07T18:28:00.000;55.286;55.928;56.255;1012.46379;1012.487112;1012.527672;24.193;24.204;24.214
1754580540;2025-08-07T18:29:00.000;54.935;55.545;55.927;1012.4668320000001;1012.52463;1012.57533;24.193;24.193;24.203
1754580600;2025-08-07T18:30:00.000;55.523;55.705;55.813;1012.4820420000001;1012.527672;1012.598652;24.171;24.182;24.193
1754580660;2025-08-07T18:31:00.000;55.286;55.423;55.553;1012.4820420000001;1012.520574;1012.5530219999999;24.15;24.163;24.171
1754580720;2025-08-07T18:32:00.000;55.378;55.503;55.637;1012.527672;1012.558092;1012.608792;24.128;24.145;24.16
1754580780;2025-08-07T18:33:00.000;55.492;55.64;55.782;1012.507392;1012.558092;1012.6311;24.107;24.123;24.139
1754580840;2025-08-07T18:34:00.000;55.492;55.585;55.668;1012.49928;1012.522602;1012.5449100000001;24.085;24.099;24.107
1754580900;2025-08-07T18:35:00.000;55.553;55.596;55.637;1012.479;1012.522602;1012.5530219999999;24.075;24.084;24.085
1754580960;2025-08-07T18:36:00.000;55.317;55.53;55.729;1012.471902;1012.502322;1012.5449100000001;24.075;24.076;24.085
1754581020;2025-08-07T18:37:00.000;55.378;55.593;55.782;1012.441482;1012.49421;1012.537812;24.064;24.069;24.075
1754581080;2025-08-07T18:38:00.000;55.553;55.741;55.843;1012.476972;1012.528686;1012.568232;24.064;24.064;24.075
1754581140;2025-08-07T18:39:00.000;55.843;56.201;56.37;1012.471902;1012.520574;1012.58547;24.064;24.069;24.075
1754581200;2025-08-07T18:40:00.000;56.37;56.422;56.515;1012.502322;1012.5398399999999;1012.583442;24.064;24.075;24.075
1754581260;2025-08-07T18:41:00.000;56.515;56.626;56.69;1012.49421;1012.5591059999999;1012.6189320000001;24.064;24.068;24.075
1754581320;2025-08-07T18:42:00.000;56.606;56.64;56.69;1012.547952;1012.5935820000001;1012.654422;24.042;24.055;24.064
1754581380;2025-08-07T18:43:00.000;56.576;56.647;56.69;1012.4820420000001;1012.571274;1012.6311;24.032;24.041;24.053
1754581440;2025-08-07T18:44:00.000;56.461;56.604;56.69;1012.350222;1012.5296999999999;1012.57533;24.021;24.032;24.042
1754581500;2025-08-07T18:45:00.000;56.461;56.56;56.721;1012.34718;1012.505364;1012.5631619999999;24.021;24.027;24.032
1754581560;2025-08-07T18:46:00.000;56.545;56.619;56.721;1012.47393;1012.531728;1012.578372;24.01;24.021;24.021
1754581620;2025-08-07T18:47:00.000;56.454;56.605;56.69;1012.446552;1012.516518;1012.5702600000001;24.01;24.021;24.021
1754581680;2025-08-07T18:48:00.000;56.454;56.565;56.637;1012.446552;1012.488126;1012.527672;24.021;24.021;24.021
1754581740;2025-08-07T18:49:00.000;56.164;56.308;56.66;1012.4029499999999;1012.449594;1012.4921820000001;24.021;24.033;24.042
1754581800;2025-08-07T18:50:00.000;56.255;56.488;56.576;1012.421202;1012.4526360000001;1012.479;24.042;24.049;24.053
1754581860;2025-08-07T18:51:00.000;56.286;56.37;56.515;1012.4181600000001;1012.4556779999999;1012.48914;24.042;24.049;24.053
1754581920;2025-08-07T18:52:00.000;56.316;56.354;56.4;1012.416132;1012.48914;1012.527672;24.032;24.038;24.053
1754581980;2025-08-07T18:53:00.000;56.4;56.635;56.782;1012.436412;1012.4810279999999;1012.5296999999999;24.021;24.032;24.032
1754582040;2025-08-07T18:54:00.000;56.637;56.712;56.835;1012.476972;1012.502322;1012.532742;24.021;24.025;24.032
1754582100;2025-08-07T18:55:00.000;56.69;56.759;56.835;1012.436412;1012.486098;1012.517532;24.021;24.021;24.032
1754582160;2025-08-07T18:56:00.000;56.69;56.765;56.835;1012.4435100000001;1012.487112;1012.517532;24.032;24.037;24.042
1754582220;2025-08-07T18:57:00.000;56.721;56.861;56.957;1012.43844;1012.480014;1012.5296999999999;24.042;24.067;24.085
1754582280;2025-08-07T18:58:00.000;56.835;56.919;56.957;1012.446552;1012.488126;1012.5398399999999;24.085;24.108;24.128
1754582340;2025-08-07T18:59:00.000;56.576;56.726;56.866;1012.441482;1012.4850839999999;1012.517532;24.128;24.135;24.139
1754582400;2025-08-07T19:00:00.000;56.576;56.718;56.835;1012.441482;1012.49928;1012.537812;24.128;24.133;24.139
1754582460;2025-08-07T19:01:00.000;56.66;56.731;56.835;1012.46379;1012.506378;1012.54998;24.117;24.123;24.128
1754582520;2025-08-07T19:02:00.000;56.69;56.749;56.835;1012.4921820000001;1012.5296999999999;1012.5631619999999;24.107;24.109;24.117
1754582580;2025-08-07T19:03:00.000;56.225;56.529;56.866;1012.44858;1012.4911679999999;1012.5601200000001;24.096;24.106;24.107
1754582640;2025-08-07T19:04:00.000;56.133;56.201;56.286;1012.4617619999999;1012.502322;1012.5530219999999;24.096;24.098;24.107
1754582700;2025-08-07T19:05:00.000;56.225;56.271;56.339;1012.456692;1012.5104339999999;1012.54998;24.085;24.09;24.096
1754582760;2025-08-07T19:06:00.000;56.225;56.315;56.4;1012.4688600000001;1012.523616;1012.5885119999999;24.064;24.073;24.085
1754582820;2025-08-07T19:07:00.000;56.286;56.455;56.606;1012.49421;1012.535784;1012.5804;24.053;24.058;24.064
1754582880;2025-08-07T19:08:00.000;56.4;56.452;56.545;1012.51956;1012.5996660000001;1012.7071500000001;24.021;24.039;24.053
1754582940;2025-08-07T19:09:00.000;56.255;56.371;56.515;1012.547952;1012.625016;1012.72236;23.999;24.01;24.021
1754583000;2025-08-07T19:10:00.000;56.37;56.666;56.805;1012.60575;1012.706136;1012.760892;23.978;23.986;23.999
1754583060;2025-08-07T19:11:00.000;56.431;56.588;56.751;1012.6412399999999;1012.71729;1012.75278;23.957;23.962;23.978
1754583120;2025-08-07T19:12:00.000;56.576;56.716;56.805;1012.69701;1012.739598;1012.7781299999999;23.935;23.944;23.957
1754583180;2025-08-07T19:13:00.000;56.606;56.736;57.011;1012.705122;1012.751766;1012.79334;23.903;23.92;23.935
1754583240;2025-08-07T19:14:00.000;56.896;56.963;57.133;1012.68687;1012.72743;1012.781172;23.892;23.9;23.903
1754583300;2025-08-07T19:15:00.000;56.69;56.852;57.156;1012.65645;1012.693968;1012.7304720000001;23.892;23.896;23.903
1754583360;2025-08-07T19:16:00.000;56.629;56.733;56.896;1012.5885119999999;1012.674702;1012.740612;23.892;23.901;23.903
1754583420;2025-08-07T19:17:00.000;56.515;56.709;56.805;1012.59561;1012.630086;1012.654422;23.892;23.902;23.903
1754583480;2025-08-07T19:18:00.000;56.4;56.557;56.866;1012.57533;1012.6219739999999;1012.6899119999999;23.892;23.903;23.914
1754583540;2025-08-07T19:19:00.000;56.286;56.432;56.805;1012.558092;1012.6037220000001;1012.64631;23.903;23.906;23.914
1754583600;2025-08-07T19:20:00.000;56.431;56.574;56.69;1012.5885119999999;1012.7446679999999;1012.786242;23.849;23.876;23.914
1754583660;2025-08-07T19:21:00.000;56.545;56.828;56.98;1012.6311;1012.699038;1012.75278;23.817;23.829;23.849
1754583720;2025-08-07T19:22:00.000;56.866;56.993;57.156;1012.5702600000001;1012.619946;1012.649352;23.817;23.833;23.839
1754583780;2025-08-07T19:23:00.000;56.721;56.816;57.072;1012.613862;1012.669632;1012.70208;23.828;23.835;23.839
1754583840;2025-08-07T19:24:00.000;56.927;57.174;57.392;1012.659492;1012.70208;1012.7304720000001;23.796;23.814;23.828
1754583900;2025-08-07T19:25:00.000;56.927;57.02;57.102;1012.6716600000001;1012.7010660000001;1012.7426399999999;23.774;23.787;23.806
1754583960;2025-08-07T19:26:00.000;56.576;56.784;57.102;1012.634142;1012.6818000000001;1012.7325;23.742;23.761;23.774
1754584020;2025-08-07T19:27:00.000;56.515;56.625;56.751;1012.644282;1012.673688;1012.70208;23.721;23.73;23.742
1754584080;2025-08-07T19:28:00.000;56.576;56.797;57.041;1012.64631;1012.674702;1012.705122;23.699;23.708;23.721
1754584140;2025-08-07T19:29:00.000;56.721;56.921;57.041;1012.6290720000001;1012.663548;1012.69701;23.678;23.689;23.699
1754584200;2025-08-07T19:30:00.000;56.751;56.965;57.133;1012.61082;1012.65645;1012.70208;23.646;23.661;23.678
1754584260;2025-08-07T19:31:00.000;56.461;56.73;57.163;1012.60575;1012.654422;1012.70208;23.624;23.636;23.656
1754584320;2025-08-07T19:32:00.000;56.835;56.995;57.163;1012.6290720000001;1012.6665899999999;1012.7152619999999;23.603;23.613;23.624
1754584380;2025-08-07T19:33:00.000;56.751;56.841;57.011;1012.624002;1012.664562;1012.69194;23.592;23.596;23.603
1754584440;2025-08-07T19:34:00.000;56.896;56.98;57.102;1012.61589;1012.654422;1012.694982;23.57;23.583;23.592
1754584500;2025-08-07T19:35:00.000;56.835;56.973;57.102;1012.634142;1012.6605059999999;1012.684842;23.56;23.568;23.57
1754584560;2025-08-07T19:36:00.000;57.072;57.158;57.278;1012.6037220000001;1012.649352;1012.679772;23.56;23.568;23.57
1754584620;2025-08-07T19:37:00.000;56.98;57.09;57.217;1012.59561;1012.64631;1012.684842;23.56;23.565;23.57
1754584680;2025-08-07T19:38:00.000;56.4;56.885;57.186;1012.62603;1012.6523940000001;1012.684842;23.549;23.557;23.57
1754584740;2025-08-07T19:39:00.000;56.4;56.672;56.896;1012.60068;1012.6412399999999;1012.6899119999999;23.528;23.541;23.549
1754584800;2025-08-07T19:40:00.000;56.484;56.659;56.751;1012.61082;1012.630086;1012.659492;23.517;23.526;23.528
1754584860;2025-08-07T19:41:00.000;56.049;56.287;56.751;1012.542882;1012.61589;1012.679772;23.517;23.517;23.528
1754584920;2025-08-07T19:42:00.000;56.08;56.439;56.606;1012.522602;1012.57533;1012.6311;23.517;23.52;23.528
1754584980;2025-08-07T19:43:00.000;56.484;56.562;56.637;1012.522602;1012.55505;1012.59054;23.528;23.53;23.538
1754585040;2025-08-07T19:44:00.000;56.141;56.397;56.69;1012.48407;1012.53477;1012.578372;23.528;23.541;23.549
1754585100;2025-08-07T19:45:00.000;56.255;56.445;56.751;1012.522602;1012.5509940000001;1012.583442;23.538;23.542;23.549
1754585160;2025-08-07T19:46:00.000;56.431;56.594;56.866;1012.542882;1012.58547;1012.61589;23.517;23.528;23.538
1754585220;2025-08-07T19:47:00.000;56.141;56.398;56.606;1012.527672;1012.573302;1012.624002;23.506;23.514;23.517
1754585280;2025-08-07T19:48:00.000;56.431;56.703;56.805;1012.537812;1012.594596;1012.6290720000001;23.474;23.495;23.517
1754585340;2025-08-07T19:49:00.000;56.66;56.814;56.896;1012.58547;1012.6311;1012.6818000000001;23.442;23.459;23.474
1754585400;2025-08-07T19:50:00.000;56.484;56.674;56.805;1012.60575;1012.647324;1012.68687;23.42;23.428;23.442
1754585460;2025-08-07T19:51:00.000;56.782;56.941;57.102;1012.6311;1012.669632;1012.7152619999999;23.388;23.403;23.42
1754585520;2025-08-07T19:52:00.000;56.927;57.134;57.247;1012.65645;1012.688898;1012.71222;23.367;23.379;23.388
1754585580;2025-08-07T19:53:00.000;56.805;57.117;57.423;1012.679772;1012.714248;1012.75278;23.335;23.351;23.367
1754585640;2025-08-07T19:54:00.000;56.927;57.151;57.331;1012.6818000000001;1012.725402;1012.760892;23.324;23.329;23.335
1754585700;2025-08-07T19:55:00.000;57.331;57.512;57.598;1012.7152619999999;1012.7487239999999;1012.77306;23.313;23.324;23.324
1754585760;2025-08-07T19:56:00.000;57.156;57.323;57.484;1012.7304720000001;1012.753794;1012.776102;23.313;23.323;23.324
1754585820;2025-08-07T19:57:00.000;57.041;57.065;57.156;1012.705122;1012.746696;1012.786242;23.313;23.322;23.324
1754585880;2025-08-07T19:58:00.000;57.041;57.111;57.217;1012.7152619999999;1012.740612;1012.760892;23.313;23.322;23.324
1754585940;2025-08-07T19:59:00.000;57.217;57.234;57.247;1012.7000519999999;1012.741626;1012.771032;23.313;23.316;23.324
1754586000;2025-08-07T20:00:00.000;57.247;57.283;57.362;1012.72236;1012.74771;1012.771032;23.313;23.314;23.324
1754586060;2025-08-07T20:01:00.000;57.362;57.425;57.484;1012.71729;1012.74771;1012.776102;23.313;23.313;23.324
1754586120;2025-08-07T20:02:00.000;57.392;57.497;57.537;1012.705122;1012.743654;1012.7882699999999;23.313;23.313;23.313
1754586180;2025-08-07T20:03:00.000;57.278;57.33;57.392;1012.684842;1012.72743;1012.77306;23.313;23.315;23.324
1754586240;2025-08-07T20:04:00.000;57.247;57.285;57.331;1012.7000519999999;1012.733514;1012.7832;23.313;23.318;23.324
1754586300;2025-08-07T20:05:00.000;57.331;57.444;57.537;1012.694982;1012.745682;1012.7832;23.313;23.313;23.324
1754586360;2025-08-07T20:06:00.000;57.507;57.556;57.629;1012.7152619999999;1012.745682;1012.7679899999999;23.281;23.297;23.313
1754586420;2025-08-07T20:07:00.000;57.629;57.714;57.743;1012.69701;1012.72743;1012.7558220000001;23.259;23.276;23.292
1754586480;2025-08-07T20:08:00.000;57.713;57.755;57.949;1012.6899119999999;1012.72236;1012.74771;23.249;23.256;23.27
1754586540;2025-08-07T20:09:00.000;57.949;57.961;58.01;1012.684842;1012.7325;1012.7781299999999;23.227;23.238;23.249
1754586600;2025-08-07T20:10:00.000;57.949;58.051;58.125;1012.674702;1012.718304;1012.76292;23.217;23.224;23.227
1754586660;2025-08-07T20:11:00.000;58.094;58.251;58.384;1012.6818000000001;1012.709178;1012.7426399999999;23.206;23.212;23.217
1754586720;2025-08-07T20:12:00.000;58.125;58.148;58.239;1012.68687;1012.714248;1012.745682;23.195;23.198;23.206
1754586780;2025-08-07T20:13:00.000;58.125;58.194;58.3;1012.674702;1012.703094;1012.7325;23.174;23.186;23.195
1754586840;2025-08-07T20:14:00.000;58.3;58.43;58.498;1012.659492;1012.69194;1012.725402;23.163;23.175;23.184
1754586900;2025-08-07T20:15:00.000;58.414;58.491;58.643;1012.679772;1012.708164;1012.7304720000001;23.152;23.162;23.174
1754586960;2025-08-07T20:16:00.000;58.498;58.587;58.674;1012.67673;1012.703094;1012.740612;23.141;23.15;23.152
1754587020;2025-08-07T20:17:00.000;58.445;58.46;58.498;1012.65645;1012.7071500000001;1012.73757;23.131;23.137;23.141
1754587080;2025-08-07T20:18:00.000;58.468;58.554;58.643;1012.674702;1012.706136;1012.7304720000001;23.109;23.12;23.131
1754587140;2025-08-07T20:19:00.000;58.643;58.689;58.704;1012.6818000000001;1012.7132339999999;1012.7426399999999;23.099;23.103;23.109
1754587200;2025-08-07T20:20:00.000;58.704;58.756;58.819;1012.679772;1012.7152619999999;1012.75278;23.077;23.091;23.099
1754587260;2025-08-07T20:21:00.000;58.758;58.81;58.91;1012.649352;1012.698024;1012.740612;23.066;23.075;23.088
1754587320;2025-08-07T20:22:00.000;58.91;58.924;58.941;1012.679772;1012.709178;1012.745682;23.056;23.059;23.066
1754587380;2025-08-07T20:23:00.000;58.88;58.891;58.941;1012.67673;1012.704108;1012.735542;23.045;23.047;23.056
1754587440;2025-08-07T20:24:00.000;58.88;58.921;58.994;1012.67673;1012.714248;1012.745682;23.045;23.045;23.045
1754587500;2025-08-07T20:25:00.000;58.91;58.95;58.994;1012.67673;1012.7112060000001;1012.7325;23.024;23.036;23.045
1754587560;2025-08-07T20:26:00.000;58.941;58.976;59.025;1012.6899119999999;1012.724388;1012.74771;23.013;23.019;23.034
1754587620;2025-08-07T20:27:00.000;58.964;59.177;59.261;1012.65645;1012.704108;1012.73757;23.002;23.005;23.013
1754587680;2025-08-07T20:28:00.000;59.078;59.103;59.139;1012.669632;1012.709178;1012.7679899999999;22.981;22.991;23.002
1754587740;2025-08-07T20:29:00.000;59.048;59.156;59.284;1012.679772;1012.70208;1012.7304720000001;22.97;22.975;22.981
1754587800;2025-08-07T20:30:00.000;59.254;59.301;59.345;1012.68687;1012.71222;1012.750752;22.948;22.963;22.97
1754587860;2025-08-07T20:31:00.000;59.254;59.265;59.284;1012.68687;1012.7304720000001;1012.7558220000001;22.938;22.949;22.959
1754587920;2025-08-07T20:32:00.000;59.254;59.339;59.399;1012.68687;1012.73757;1012.7659620000001;22.927;22.935;22.948
1754587980;2025-08-07T20:33:00.000;59.399;59.413;59.429;1012.710192;1012.73757;1012.7679899999999;22.916;22.922;22.927
1754588040;2025-08-07T20:34:00.000;59.429;59.466;59.49;1012.72743;1012.7497380000001;1012.7832;22.895;22.909;22.916
1754588100;2025-08-07T20:35:00.000;59.429;59.456;59.49;1012.7304720000001;1012.761906;1012.7882699999999;22.884;22.894;22.906
1754588160;2025-08-07T20:36:00.000;59.429;59.444;59.46;1012.7304720000001;1012.764948;1012.791312;22.873;22.879;22.884
1754588220;2025-08-07T20:37:00.000;59.46;59.481;59.49;1012.7325;1012.769004;1012.8014519999999;22.852;22.865;22.873
1754588280;2025-08-07T20:38:00.000;59.49;59.541;59.574;1012.75785;1012.784214;1012.8186900000001;22.841;22.851;22.863
1754588340;2025-08-07T20:39:00.000;59.574;59.651;59.689;1012.781172;1012.806522;1012.8339;22.83;22.837;22.841
1754588400;2025-08-07T20:40:00.000;59.689;59.709;59.719;1012.7781299999999;1012.824774;1012.86432;22.82;22.823;22.83
1754588460;2025-08-07T20:41:00.000;59.689;59.718;59.75;1012.8014519999999;1012.845054;1012.897782;22.798;22.81;22.82
1754588520;2025-08-07T20:42:00.000;59.658;59.706;59.75;1012.81362;1012.86939;1012.912992;22.788;22.794;22.798
1754588580;2025-08-07T20:43:00.000;59.75;59.808;59.834;1012.847082;1012.880544;1012.918062;22.766;22.777;22.788
1754588640;2025-08-07T20:44:00.000;59.811;59.867;59.895;1012.831872;1012.872432;1012.92009;22.755;22.76;22.777
1754588700;2025-08-07T20:45:00.000;59.864;59.915;59.956;1012.8673620000001;1012.883586;1012.912992;22.734;22.746;22.755
1754588760;2025-08-07T20:46:00.000;59.925;59.928;59.956;1012.8440400000001;1012.878516;1012.923132;22.723;22.733;22.745
1754588820;2025-08-07T20:47:00.000;59.925;59.982;60.04;1012.8673620000001;1012.9008240000001;1012.9383419999999;22.712;22.718;22.734
1754588880;2025-08-07T20:48:00.000;60.009;60.06;60.131;1012.87446;1012.9150199999999;1012.948482;22.691;22.703;22.712
1754588940;2025-08-07T20:49:00.000;59.284;59.687;60.131;1012.907922;1012.931244;1012.95558;22.67;22.68;22.691
1754589000;2025-08-07T20:50:00.000;58.994;59.084;59.284;1012.90995;1012.948482;1012.9789020000001;22.616;22.643;22.67
1754589060;2025-08-07T20:51:00.000;58.468;58.64;58.994;1012.943412;1012.973832;1013.0042520000001;22.562;22.592;22.616
1754589120;2025-08-07T20:52:00.000;58.323;58.453;58.529;1012.968762;1012.995126;1013.02149;22.509;22.536;22.562
1754589180;2025-08-07T20:53:00.000;58.231;58.317;58.407;1012.983972;1013.008308;1013.03163;22.455;22.483;22.509
1754589240;2025-08-07T20:54:00.000;58.231;58.4;58.491;1013.00121;1013.029602;1013.0721900000001;22.412;22.437;22.455
1754589300;2025-08-07T20:55:00.000;58.346;58.43;58.491;1013.03163;1013.0529240000001;1013.0721900000001;22.369;22.392;22.412
1754589360;2025-08-07T20:56:00.000;58.468;58.614;58.727;1013.02656;1013.063064;1013.100582;22.326;22.345;22.369
1754589420;2025-08-07T20:57:00.000;58.582;58.635;58.697;1013.070162;1013.09754;1013.12796;22.273;22.294;22.326
1754589480;2025-08-07T20:58:00.000;58.613;58.654;58.697;1013.080302;1013.106666;1013.1381;22.23;22.247;22.273
1754589540;2025-08-07T20:59:00.000;58.613;58.645;58.697;1013.09247;1013.120862;1013.1533099999999;22.187;22.209;22.23
1754589600;2025-08-07T21:00:00.000;58.468;58.586;58.697;1013.09247;1013.115792;1013.1533099999999;22.155;22.172;22.187
1754589660;2025-08-07T21:01:00.000;58.491;58.598;58.788;1013.07726;1013.10261;1013.1310020000001;22.144;22.146;22.155
1754589720;2025-08-07T21:02:00.000;58.727;58.775;58.811;1013.0904419999999;1013.1178199999999;1013.156352;22.123;22.134;22.144
1754589780;2025-08-07T21:03:00.000;58.758;58.815;58.926;1013.085372;1013.1239039999999;1013.15838;22.09;22.107;22.133
1754589840;2025-08-07T21:04:00.000;58.758;58.889;59.017;1013.110722;1013.1381;1013.171562;22.048;22.068;22.09
1754589900;2025-08-07T21:05:00.000;58.842;58.898;58.987;1013.120862;1013.1533099999999;1013.1888;22.015;22.035;22.048
1754589960;2025-08-07T21:06:00.000;58.895;58.964;59.017;1013.146212;1013.174604;1013.19894;21.983;22.003;22.015
1754590020;2025-08-07T21:07:00.000;58.842;58.919;58.987;1013.1431699999999;1013.177646;1013.20908;21.951;21.967;21.994
1754590080;2025-08-07T21:08:00.000;58.811;58.955;59.04;1013.13303;1013.186772;1013.20908;21.908;21.927;21.951
1754590140;2025-08-07T21:09:00.000;59.01;59.079;59.132;1013.186772;1013.2121219999999;1013.24457;21.876;21.889;21.908
1754590200;2025-08-07T21:10:00.000;59.132;59.154;59.185;1013.191842;1013.22936;1013.25978;21.844;21.857;21.876
1754590260;2025-08-07T21:11:00.000;59.04;59.121;59.162;1013.21415;1013.253696;1013.283102;21.812;21.829;21.844
1754590320;2025-08-07T21:12:00.000;59.071;59.097;59.162;1013.22936;1013.25978;1013.288172;21.779;21.794;21.812
1754590380;2025-08-07T21:13:00.000;59.04;59.083;59.155;1013.2324020000001;1013.26992;1013.29527;21.736;21.758;21.779
1754590440;2025-08-07T21:14:00.000;59.155;59.244;59.299;1013.252682;1013.283102;1013.3135219999999;21.704;21.72;21.736
1754590500;2025-08-07T21:15:00.000;59.299;59.385;59.475;1013.262822;1013.294256;1013.323662;21.672;21.685;21.704
1754590560;2025-08-07T21:16:00.000;59.475;59.563;59.62;1013.262822;1013.299326;1013.33076;21.629;21.646;21.672
1754590620;2025-08-07T21:17:00.000;59.536;59.704;59.849;1013.293242;1013.323662;1013.3561100000001;21.586;21.609;21.629
1754590680;2025-08-07T21:18:00.000;59.849;59.959;59.994;1013.328732;1013.353068;1013.38146;21.565;21.582;21.586
1754590740;2025-08-07T21:19:00.000;59.91;59.962;60.116;1013.323662;1013.370306;1013.41188;21.543;21.559;21.576
1754590800;2025-08-07T21:20:00.000;60.116;60.223;60.261;1013.359152;1013.3885580000001;1013.414922;21.533;21.539;21.554
1754590860;2025-08-07T21:21:00.000;60.23;60.279;60.406;1013.35104;1013.390586;1013.414922;21.522;21.525;21.533
1754590920;2025-08-07T21:22:00.000;60.261;60.39;60.49;1013.364222;1013.400726;1013.43723;21.511;21.514;21.522
1754590980;2025-08-07T21:23:00.000;60.314;60.383;60.52;1013.3692920000001;1013.413908;1013.4423;21.501;21.509;21.511
1754591040;2025-08-07T21:24:00.000;60.429;60.491;60.551;1013.404782;1013.429118;1013.46258;21.501;21.501;21.511
1754591100;2025-08-07T21:25:00.000;60.459;60.611;60.719;1013.419992;1013.443314;1013.470692;21.49;21.495;21.501
1754591160;2025-08-07T21:26:00.000;60.604;60.682;60.749;1013.4321600000001;1013.4635940000001;1013.485902;21.479;21.484;21.49
1754591220;2025-08-07T21:27:00.000;60.688;60.728;60.749;1013.43723;1013.46765;1013.501112;21.468;21.477;21.479
1754591280;2025-08-07T21:28:00.000;60.749;60.82;60.841;1013.460552;1013.48286;1013.52342;21.458;21.469;21.479
1754591340;2025-08-07T21:29:00.000;60.841;60.868;60.894;1013.46258;1013.496042;1013.526462;21.458;21.462;21.468
1754591400;2025-08-07T21:30:00.000;60.864;60.888;60.925;1013.485902;1013.509224;1013.54877;21.458;21.458;21.458
1754591460;2025-08-07T21:31:00.000;60.864;60.904;60.925;1013.485902;1013.51328;1013.536602;21.447;21.452;21.458
1754591520;2025-08-07T21:32:00.000;60.864;60.899;60.955;1013.4808320000001;1013.507196;1013.531532;21.436;21.441;21.447
1754591580;2025-08-07T21:33:00.000;60.864;60.88;60.925;1013.490972;1013.5163220000001;1013.541672;21.425;21.432;21.436
1754591640;2025-08-07T21:34:00.000;60.864;60.915;60.978;1013.490972;1013.509224;1013.53356;21.415;21.419;21.425
1754591700;2025-08-07T21:35:00.000;60.947;60.949;60.978;1013.4808320000001;1013.515308;1013.536602;21.404;21.406;21.415
1754591760;2025-08-07T21:36:00.000;60.947;60.972;61.008;1013.496042;1013.519364;1013.541672;21.383;21.393;21.404
1754591820;2025-08-07T21:37:00.000;61.008;61.052;61.092;1013.48286;1013.512266;1013.53863;21.372;21.385;21.393
1754591880;2025-08-07T21:38:00.000;61.092;61.092;61.092;1013.490972;1013.515308;1013.536602;21.361;21.372;21.383
1754591940;2025-08-07T21:39:00.000;61.092;61.117;61.123;1013.48286;1013.5163220000001;1013.541672;21.35;21.361;21.372
1754592000;2025-08-07T21:40:00.000;61.123;61.194;61.214;1013.49807;1013.520378;1013.54877;21.34;21.35;21.361
1754592060;2025-08-07T21:41:00.000;61.214;61.234;61.268;1013.501112;1013.534574;1013.5589100000001;21.329;21.339;21.35
1754592120;2025-08-07T21:42:00.000;61.268;61.285;61.298;1013.5183499999999;1013.540658;1013.572092;21.318;21.327;21.329
1754592180;2025-08-07T21:43:00.000;61.298;61.326;61.329;1013.5183499999999;1013.550798;1013.5771619999999;21.307;21.313;21.318
1754592240;2025-08-07T21:44:00.000;61.329;61.345;61.359;1013.531532;1013.5548540000001;1013.582232;21.286;21.3;21.307
1754592300;2025-08-07T21:45:00.000;61.359;61.378;61.413;1013.51328;1013.546742;1013.57412;21.275;21.287;21.297
1754592360;2025-08-07T21:46:00.000;61.352;61.388;61.413;1013.531532;1013.5538399999999;1013.592372;21.265;21.274;21.286
1754592420;2025-08-07T21:47:00.000;61.237;61.348;61.443;1013.5163220000001;1013.54877;1013.582232;21.243;21.255;21.265
1754592480;2025-08-07T21:48:00.000;60.833;61.049;61.298;1013.50821;1013.540658;1013.57412;21.222;21.229;21.243
1754592540;2025-08-07T21:49:00.000;60.833;60.855;60.894;1013.50821;1013.5437;1013.56398;21.179;21.206;21.222
1754592600;2025-08-07T21:50:00.000;60.741;60.842;61.008;1013.5183499999999;1013.567022;1013.60961;21.136;21.157;21.179
1754592660;2025-08-07T21:51:00.000;61.008;61.149;61.298;1013.5538399999999;1013.5944000000001;1013.62989;21.093;21.114;21.136
1754592720;2025-08-07T21:52:00.000;61.237;61.294;61.405;1013.592372;1013.6177220000001;1013.6552399999999;21.061;21.082;21.093
1754592780;2025-08-07T21:53:00.000;61.405;61.471;61.52;1013.6025119999999;1013.6369880000001;1013.66031;21.039;21.052;21.072
1754592840;2025-08-07T21:54:00.000;61.466;61.528;61.581;1013.612652;1013.6369880000001;1013.663352;21.018;21.028;21.039
1754592900;2025-08-07T21:55:00.000;61.55;61.592;61.611;1013.60454;1013.6359739999999;1013.6785619999999;20.996;21.01;21.018
1754592960;2025-08-07T21:56:00.000;61.55;61.607;61.642;1013.592372;1013.61468;1013.638002;20.986;20.992;21.007
1754593020;2025-08-07T21:57:00.000;61.642;61.69;61.726;1013.592372;1013.6167079999999;1013.6451;20.975;20.986;20.986
1754593080;2025-08-07T21:58:00.000;61.642;61.682;61.695;1013.5842600000001;1013.6136660000001;1013.648142;20.975;20.979;20.986
1754593140;2025-08-07T21:59:00.000;61.642;61.642;61.642;1013.592372;1013.62482;1013.648142;20.964;20.975;20.986
1754593200;2025-08-07T22:00:00.000;61.642;61.673;61.695;1013.60454;1013.62989;1013.65017;20.964;20.968;20.975
1754593260;2025-08-07T22:01:00.000;61.695;61.734;61.756;1013.61468;1013.6451;1013.67552;20.954;20.964;20.964
1754593320;2025-08-07T22:02:00.000;61.756;61.781;61.817;1013.627862;1013.649156;1013.67045;20.943;20.957;20.964
1754593380;2025-08-07T22:03:00.000;61.779;61.806;61.817;1013.632932;1013.662338;1013.6856600000001;20.932;20.943;20.954
1754593440;2025-08-07T22:04:00.000;61.779;61.814;61.84;1013.65017;1013.667408;1013.6856600000001;20.921;20.929;20.943
1754593500;2025-08-07T22:05:00.000;61.84;61.892;61.924;1013.6430720000001;1013.674506;1013.703912;20.911;20.919;20.921
1754593560;2025-08-07T22:06:00.000;61.924;61.948;61.985;1013.6653799999999;1013.6856600000001;1013.7140519999999;20.9;20.904;20.911
1754593620;2025-08-07T22:07:00.000;61.985;61.994;62.016;1013.658282;1013.696814;1013.7312900000001;20.889;20.891;20.9
1754593680;2025-08-07T22:08:00.000;62.016;62.041;62.069;1013.688702;1013.7079679999999;1013.7343320000001;20.868;20.877;20.889
1754593740;2025-08-07T22:09:00.000;62.069;62.089;62.13;1013.6856600000001;1013.709996;1013.7312900000001;20.857;20.865;20.878
1754593800;2025-08-07T22:10:00.000;62.099;62.148;62.161;1013.6958000000001;1013.7140519999999;1013.739402;20.846;20.853;20.857
1754593860;2025-08-07T22:11:00.000;62.161;62.187;62.214;1013.688702;1013.7140519999999;1013.739402;20.836;20.841;20.846
1754593920;2025-08-07T22:12:00.000;62.214;62.228;62.275;1013.6856600000001;1013.7079679999999;1013.73636;20.825;20.831;20.836
1754593980;2025-08-07T22:13:00.000;62.275;62.275;62.275;1013.6805899999999;1013.7018840000001;1013.7241919999999;20.803;20.815;20.825
1754594040;2025-08-07T22:14:00.000;62.275;62.308;62.328;1013.6785619999999;1013.703912;1013.72622;20.793;20.801;20.814
1754594100;2025-08-07T22:15:00.000;62.328;62.331;62.359;1013.6856600000001;1013.70594;1013.7312900000001;20.782;20.787;20.793
1754594160;2025-08-07T22:16:00.000;62.359;62.379;62.42;1013.683632;1013.720136;1013.7444720000001;20.782;20.782;20.782
1754594220;2025-08-07T22:17:00.000;62.412;62.442;62.45;1013.70594;1013.7312900000001;1013.759682;20.761;20.774;20.782
1754594280;2025-08-07T22:18:00.000;62.412;62.462;62.473;1013.71101;1013.7434579999999;1013.77185;20.739;20.758;20.771
1754594340;2025-08-07T22:19:00.000;62.473;62.484;62.504;1013.719122;1013.7465;1013.769822;20.728;20.74;20.75
1754594400;2025-08-07T22:20:00.000;62.504;62.532;62.557;1013.7140519999999;1013.75664;1013.774892;20.718;20.724;20.739
1754594460;2025-08-07T22:21:00.000;62.557;62.586;62.618;1013.729262;1013.759682;1013.790102;20.707;20.714;20.718
1754594520;2025-08-07T22:22:00.000;62.618;62.665;62.679;1013.74143;1013.7627239999999;1013.790102;20.696;20.7;20.707
1754594580;2025-08-07T22:23:00.000;62.679;62.679;62.679;1013.729262;1013.760696;1013.790102;20.675;20.688;20.696
