UNIX time;Local time;genericSensor1;genericSensor2 min;genericSensor2 avg;genericSensor2 max;genericSensor3 min;genericSensor3 avg;genericSensor3 max;genericSensor4 min;genericSensor4 avg;genericSensor4 max;genericSensor5 min;genericSensor5 avg;genericSensor5 max;genericSensor6 min;genericSensor6 avg;genericSensor6 max;genericSensor7 min;genericSensor7 avg;genericSensor7 max;genericSensor8 min;genericSensor8 avg;genericSensor8 max;genericSensor9 min;genericSensor9 avg;genericSensor9 max;genericSensor10 min;genericSensor10 avg;genericSensor10 max
1753476650.5;2025-07-25T23:50:50.500;3.64
1753476650.6;2025-07-25T23:50:50.600;3.64
1753476650.7;2025-07-25T23:50:50.700;3.64
1753476650.8;2025-07-25T23:50:50.800;3.64
1753476650.9;2025-07-25T23:50:50.900;3.64
1753476651;2025-07-25T23:50:51.000;3.64
1753476651.1;2025-07-25T23:50:51.100;3.64
1753476651.2;2025-07-25T23:50:51.200;3.64
1753476651.3;2025-07-25T23:50:51.300;3.64
1753476651.4;2025-07-25T23:50:51.400;3.64
1753476651.5;2025-07-25T23:50:51.500;3.64
1753476651.6;2025-07-25T23:50:51.600;3.64
1753476651.7;2025-07-25T23:50:51.700;3.64
1753476651.8;2025-07-25T23:50:51.800;3.64
1753476651.9;2025-07-25T23:50:51.900;3.64
1753476652;2025-07-25T23:50:52.000;3.64
1753476652.1;2025-07-25T23:50:52.100;3.64
1753476652.2;2025-07-25T23:50:52.200;3.64
1753476652.3;2025-07-25T23:50:52.300;3.64
1753476652.4;2025-07-25T23:50:52.400;3.64
1753476652.5;2025-07-25T23:50:52.500;1.05
1753476652.6;2025-07-25T23:50:52.600;1.05
1753476652.7;2025-07-25T23:50:52.700;1.05
1753476652.8;2025-07-25T23:50:52.800;1.05
1753476652.9;2025-07-25T23:50:52.900;1.05
1753476653;2025-07-25T23:50:53.000;1.05
1753476653.1;2025-07-25T23:50:53.100;1.05
1753476653.2;2025-07-25T23:50:53.200;1.05
1753476653.3;2025-07-25T23:50:53.300;1.05
1753476653.4;2025-07-25T23:50:53.400;1.05
1753476653.5;2025-07-25T23:50:53.500;1.05
1753476653.6;2025-07-25T23:50:53.600;1.05
1753476653.7;2025-07-25T23:50:53.700;1.05
1753476653.8;2025-07-25T23:50:53.800;1.05
1753476653.9;2025-07-25T23:50:53.900;1.05
1753476654;2025-07-25T23:50:54.000;0.06
1753476654.1;2025-07-25T23:50:54.100;0.06
1753476654.2;2025-07-25T23:50:54.200;0.06
1753476654.3;2025-07-25T23:50:54.300;0.06
1753476654.4;2025-07-25T23:50:54.400;0.06
1753476654.5;2025-07-25T23:50:54.500;0.06
1753476654.6;2025-07-25T23:50:54.600;0.06
1753476654.7;2025-07-25T23:50:54.700;0.06
1753476654.8;2025-07-25T23:50:54.800;0.06
1753476654.9;2025-07-25T23:50:54.900;0.06
1753476655;2025-07-25T23:50:55.000;0.06
1753476655.1;2025-07-25T23:50:55.100;0.06
1753476655.2;2025-07-25T23:50:55.200;0.06
1753476655.3;2025-07-25T23:50:55.300;0.06
1753476655.4;2025-07-25T23:50:55.400;0.06
1753476655.5;2025-07-25T23:50:55.500;0.06
1753476655.6;2025-07-25T23:50:55.600;0.06
1753476655.7;2025-07-25T23:50:55.700;0.06
1753476655.8;2025-07-25T23:50:55.800;0.06
1753476655.9;2025-07-25T23:50:55.900;0.06
1753476656;2025-07-25T23:50:56.000;0.06
1753476656.1;2025-07-25T23:50:56.100;0.06
1753476656.2;2025-07-25T23:50:56.200;0.06
1753476656.3;2025-07-25T23:50:56.300;0.06
1753476656.4;2025-07-25T23:50:56.400;0.06
1753476656.5;2025-07-25T23:50:56.500;0.33
1753476656.6;2025-07-25T23:50:56.600;0.37
1753476656.7;2025-07-25T23:50:56.700;0.37
1753476656.8;2025-07-25T23:50:56.800;0.37
1753476656.9;2025-07-25T23:50:56.900;0.37
1753476657;2025-07-25T23:50:57.000;0.37
1753476657.1;2025-07-25T23:50:57.100;0.33
1753476657.2;2025-07-25T23:50:57.200;0.33
1753476657.3;2025-07-25T23:50:57.300;0.33
1753476657.4;2025-07-25T23:50:57.400;0.32
1753476657.5;2025-07-25T23:50:57.500;0.32
1753476657.6;2025-07-25T23:50:57.600;0.32
1753476657.7;2025-07-25T23:50:57.700;0.32
1753476657.8;2025-07-25T23:50:57.800;0.32
1753476657.9;2025-07-25T23:50:57.900;0.32
1753476658;2025-07-25T23:50:58.000;0.32
1753476658.1;2025-07-25T23:50:58.100;0.32
1753476658.2;2025-07-25T23:50:58.200;0.32
1753476658.3;2025-07-25T23:50:58.300;0.32
1753476658.4;2025-07-25T23:50:58.400;0.32
1753476658.5;2025-07-25T23:50:58.500;0.32
1753476658.6;2025-07-25T23:50:58.600;0.32
1753476658.7;2025-07-25T23:50:58.700;0.32
1753476658.8;2025-07-25T23:50:58.800;0.32
1753476658.9;2025-07-25T23:50:58.900;0.32
1753476659;2025-07-25T23:50:59.000;0.32
1753476659.1;2025-07-25T23:50:59.100;0.32
1753476659.2;2025-07-25T23:50:59.200;0.32
1753476659.3;2025-07-25T23:50:59.300;0.32
1753476659.4;2025-07-25T23:50:59.400;0.32
1753476659.5;2025-07-25T23:50:59.500;0.32
1753476659.6;2025-07-25T23:50:59.600;0.32
1753476659.7;2025-07-25T23:50:59.700;0.32
1753476659.8;2025-07-25T23:50:59.800;0.32
1753476659.9;2025-07-25T23:50:59.900;0.32
1753476660;2025-07-25T23:51:00.000;0.32
1753476660.1;2025-07-25T23:51:00.100;0.32
1753476660.2;2025-07-25T23:51:00.200;0.32
1753476660.3;2025-07-25T23:51:00.300;0.32
1753476660.4;2025-07-25T23:51:00.400;0.32
1753476660.5;2025-07-25T23:51:00.500;0.32
1753476660.6;2025-07-25T23:51:00.600;0.32
1753476660.7;2025-07-25T23:51:00.700;0.32
1753476660.8;2025-07-25T23:51:00.800;0.32
1753476660.9;2025-07-25T23:51:00.900;0.32
1753476661;2025-07-25T23:51:01.000;0.32
1753476661.1;2025-07-25T23:51:01.100;0.32
1753476661.2;2025-07-25T23:51:01.200;0.32
1753476661.3;2025-07-25T23:51:01.300;0.32
1753476661.4;2025-07-25T23:51:01.400;0.32
1753476661.5;2025-07-25T23:51:01.500;0.32
1753476661.6;2025-07-25T23:51:01.600;0.32
1753476661.7;2025-07-25T23:51:01.700;0.32
1753476661.8;2025-07-25T23:51:01.800;0.32
1753476661.9;2025-07-25T23:51:01.900;0.32
1753476662;2025-07-25T23:51:02.000;0.32
1753476662.1;2025-07-25T23:51:02.100;0.32
1753476662.2;2025-07-25T23:51:02.200;0.32
1753476662.3;2025-07-25T23:51:02.300;0.32
1753476662.4;2025-07-25T23:51:02.400;0.32
1753476662.5;2025-07-25T23:51:02.500;0.32
1753476662.6;2025-07-25T23:51:02.600;0.32
1753476662.7;2025-07-25T23:51:02.700;0.32
1753476662.8;2025-07-25T23:51:02.800;0.32
1753476662.9;2025-07-25T23:51:02.900;0.32
1753476663;2025-07-25T23:51:03.000;0.32
1753476663.1;2025-07-25T23:51:03.100;0.32
1753476663.2;2025-07-25T23:51:03.200;0.32
1753476663.3;2025-07-25T23:51:03.300;0.32
1753476663.4;2025-07-25T23:51:03.400;0.32
1753476663.5;2025-07-25T23:51:03.500;0.32
1753476663.6;2025-07-25T23:51:03.600;0.32
1753476663.7;2025-07-25T23:51:03.700;0.32
1753476663.8;2025-07-25T23:51:03.800;0.32
1753476663.9;2025-07-25T23:51:03.900;0.44
1753476664;2025-07-25T23:51:04.000;0.44
1753476664.1;2025-07-25T23:51:04.100;0.43
1753476664.2;2025-07-25T23:51:04.200;0.46
1753476664.3;2025-07-25T23:51:04.300;0.48
1753476664.4;2025-07-25T23:51:04.400;0.51
1753476664.5;2025-07-25T23:51:04.500;0.53
1753476664.6;2025-07-25T23:51:04.600;0.55
1753476664.7;2025-07-25T23:51:04.700;0.55
1753476664.8;2025-07-25T23:51:04.800;0.55
1753476664.9;2025-07-25T23:51:04.900;0.55
1753476665;2025-07-25T23:51:05.000;0.55
1753476665.1;2025-07-25T23:51:05.100;0.55
1753476665.2;2025-07-25T23:51:05.200;0.55
1753476665.3;2025-07-25T23:51:05.300;0.55
1753476665.4;2025-07-25T23:51:05.400;0.55
1753476665.5;2025-07-25T23:51:05.500;0.55
1753476665.6;2025-07-25T23:51:05.600;0.55
1753476665.7;2025-07-25T23:51:05.700;0.55
1753476665.8;2025-07-25T23:51:05.800;0.55
1753476665.9;2025-07-25T23:51:05.900;0.55
1753476666;2025-07-25T23:51:06.000;0.49
1753476666.1;2025-07-25T23:51:06.100;0.52
1753476666.2;2025-07-25T23:51:06.200;0.52
1753476666.3;2025-07-25T23:51:06.300;0.55
1753476666.4;2025-07-25T23:51:06.400;0.57
1753476666.5;2025-07-25T23:51:06.500;0.57
1753476666.6;2025-07-25T23:51:06.600;0.58
1753476666.7;2025-07-25T23:51:06.700;0.57
1753476666.8;2025-07-25T23:51:06.800;0.56
1753476666.9;2025-07-25T23:51:06.900;0.55
1753476667;2025-07-25T23:51:07.000;0.55
1753476667.1;2025-07-25T23:51:07.100;0.55
1753476667.2;2025-07-25T23:51:07.200;0.55
1753476667.3;2025-07-25T23:51:07.300;0.55
1753476667.4;2025-07-25T23:51:07.400;0.61
1753476667.5;2025-07-25T23:51:07.500;0.59
1753476667.6;2025-07-25T23:51:07.600;0.59
1753476667.7;2025-07-25T23:51:07.700;0.59
1753476667.8;2025-07-25T23:51:07.800;0.53
1753476667.9;2025-07-25T23:51:07.900;0.53
1753476668;2025-07-25T23:51:08.000;0.52
1753476668.1;2025-07-25T23:51:08.100;0.51
1753476668.2;2025-07-25T23:51:08.200;0.51
1753476668.3;2025-07-25T23:51:08.300;0.51
1753476668.4;2025-07-25T23:51:08.400;0.54
1753476668.5;2025-07-25T23:51:08.500;0.56
1753476668.6;2025-07-25T23:51:08.600;0.58
1753476668.7;2025-07-25T23:51:08.700;0.63
1753476668.8;2025-07-25T23:51:08.800;0.65
1753476668.9;2025-07-25T23:51:08.900;0.71
1753476669;2025-07-25T23:51:09.000;0.73
1753476669.1;2025-07-25T23:51:09.100;0.74
1753476669.2;2025-07-25T23:51:09.200;0.75
1753476669.3;2025-07-25T23:51:09.300;0.77
1753476669.4;2025-07-25T23:51:09.400;0.78
1753476669.5;2025-07-25T23:51:09.500;0.78
1753476669.6;2025-07-25T23:51:09.600;0.78
1753476669.7;2025-07-25T23:51:09.700;0.81
1753476669.8;2025-07-25T23:51:09.800;0.81
1753476669.9;2025-07-25T23:51:09.900;0.81
1753476670;2025-07-25T23:51:10.000;0.81
1753476670.1;2025-07-25T23:51:10.100;0.81
1753476670.2;2025-07-25T23:51:10.200;0.81
1753476670.3;2025-07-25T23:51:10.300;0.86
1753476670.4;2025-07-25T23:51:10.400;0.86
1753476670.5;2025-07-25T23:51:10.500;0.86
1753476670.6;2025-07-25T23:51:10.600;0.86
1753476670.7;2025-07-25T23:51:10.700;0.86
1753476670.8;2025-07-25T23:51:10.800;0.86
1753476670.9;2025-07-25T23:51:10.900;0.86
1753476671;2025-07-25T23:51:11.000;0.86
1753476671.1;2025-07-25T23:51:11.100;0.86
1753476671.2;2025-07-25T23:51:11.200;0.86
1753476671.3;2025-07-25T23:51:11.300;0.86
1753476671.4;2025-07-25T23:51:11.400;0.86
1753476671.5;2025-07-25T23:51:11.500;0.86
1753476671.6;2025-07-25T23:51:11.600;0.86
1753476671.7;2025-07-25T23:51:11.700;0.86
1753476671.8;2025-07-25T23:51:11.800;0.86
1753476671.9;2025-07-25T23:51:11.900;0.86
1753476672;2025-07-25T23:51:12.000;0.86
1753476672.1;2025-07-25T23:51:12.100;0.86
1753476672.2;2025-07-25T23:51:12.200;0.86
1753476672.3;2025-07-25T23:51:12.300;0.86
1753476672.4;2025-07-25T23:51:12.400;0.86
1753476672.5;2025-07-25T23:51:12.500;0.86
1753476672.6;2025-07-25T23:51:12.600;0.86
1753476672.7;2025-07-25T23:51:12.700;0.86
1753476672.8;2025-07-25T23:51:12.800;0.86
1753476672.9;2025-07-25T23:51:12.900;0.86
1753476673;2025-07-25T23:51:13.000;0.86
1753476673.1;2025-07-25T23:51:13.100;0.86
1753476673.2;2025-07-25T23:51:13.200;0.86
1753476673.3;2025-07-25T23:51:13.300;0.86
1753476673.4;2025-07-25T23:51:13.400;0.86
1753476673.5;2025-07-25T23:51:13.500;0.86
1753476673.6;2025-07-25T23:51:13.600;0.88
1753476673.7;2025-07-25T23:51:13.700;0.88
1753476673.8;2025-07-25T23:51:13.800;0.88
1753476673.9;2025-07-25T23:51:13.900;0.91
1753476674;2025-07-25T23:51:14.000;0.91
1753476674.1;2025-07-25T23:51:14.100;0.91
1753476674.2;2025-07-25T23:51:14.200;0.91
1753476674.3;2025-07-25T23:51:14.300;0.93
1753476674.4;2025-07-25T23:51:14.400;0.93
1753476674.5;2025-07-25T23:51:14.500;0.93
1753476674.6;2025-07-25T23:51:14.600;0.93
1753476674.7;2025-07-25T23:51:14.700;0.93
1753476674.8;2025-07-25T23:51:14.800;0.93
1753476674.9;2025-07-25T23:51:14.900;0.93
1753476675;2025-07-25T23:51:15.000;0.93
1753476675.1;2025-07-25T23:51:15.100;0.93
1753476675.2;2025-07-25T23:51:15.200;0.93
1753476675.3;2025-07-25T23:51:15.300;0.93
1753476675.4;2025-07-25T23:51:15.400;0.93
1753476675.5;2025-07-25T23:51:15.500;0.93
1753476675.6;2025-07-25T23:51:15.600;0.93
1753476675.7;2025-07-25T23:51:15.700;0.93
1753476675.8;2025-07-25T23:51:15.800;0.93
1753476675.9;2025-07-25T23:51:15.900;0.93
1753476676;2025-07-25T23:51:16.000;0.93
1753476676.1;2025-07-25T23:51:16.100;0.93
1753476676.2;2025-07-25T23:51:16.200;0.93
1753476676.3;2025-07-25T23:51:16.300;0.93
1753476676.4;2025-07-25T23:51:16.400;0.93
1753476676.5;2025-07-25T23:51:16.500;0.93
1753476676.6;2025-07-25T23:51:16.600;0.93
1753476676.7;2025-07-25T23:51:16.700;0.93
1753476676.8;2025-07-25T23:51:16.800;0.93
1753476676.9;2025-07-25T23:51:16.900;1.01
1753476677;2025-07-25T23:51:17.000;1.01
1753476677.1;2025-07-25T23:51:17.100;1.01
1753476677.2;2025-07-25T23:51:17.200;1.01
1753476677.3;2025-07-25T23:51:17.300;1.03
1753476677.4;2025-07-25T23:51:17.400;1.03
1753476677.5;2025-07-25T23:51:17.500;1.03
1753476677.6;2025-07-25T23:51:17.600;1.03
1753476677.7;2025-07-25T23:51:17.700;1.03
1753476677.8;2025-07-25T23:51:17.800;1.03
1753476677.9;2025-07-25T23:51:17.900;1.03
1753476678;2025-07-25T23:51:18.000;1.03
1753476678.1;2025-07-25T23:51:18.100;1.03
1753476678.2;2025-07-25T23:51:18.200;1.03
1753476678.3;2025-07-25T23:51:18.300;1.03
1753476678.4;2025-07-25T23:51:18.400;1.03
1753476678.5;2025-07-25T23:51:18.500;1.03
1753476678.6;2025-07-25T23:51:18.600;1.03
1753476678.7;2025-07-25T23:51:18.700;1.03
1753476678.8;2025-07-25T23:51:18.800;1.05
1753476678.9;2025-07-25T23:51:18.900;1.05
1753476679;2025-07-25T23:51:19.000;1.07
1753476679.1;2025-07-25T23:51:19.100;1.06
1753476679.2;2025-07-25T23:51:19.200;1.06
1753476679.3;2025-07-25T23:51:19.300;1.06
1753476679.4;2025-07-25T23:51:19.400;1.05
1753476679.5;2025-07-25T23:51:19.500;1.07
1753476679.6;2025-07-25T23:51:19.600;1.12
1753476679.7;2025-07-25T23:51:19.700;1.12
1753476679.8;2025-07-25T23:51:19.800;1.16
1753476679.9;2025-07-25T23:51:19.900;1.21
1753476680;2025-07-25T23:51:20.000;1.24
1753476680.1;2025-07-25T23:51:20.100;1.29
1753476680.2;2025-07-25T23:51:20.200;1.35
1753476680.3;2025-07-25T23:51:20.300;1.38
1753476680.4;2025-07-25T23:51:20.400;1.4
1753476680.5;2025-07-25T23:51:20.500;1.41
1753476680.6;2025-07-25T23:51:20.600;1.42
1753476680.7;2025-07-25T23:51:20.700;1.43
1753476680.8;2025-07-25T23:51:20.800;1.43
1753476680.9;2025-07-25T23:51:20.900;1.43
1753476681;2025-07-25T23:51:21.000;1.43
1753476681.1;2025-07-25T23:51:21.100;1.43
1753476681.2;2025-07-25T23:51:21.200;1.43
1753476681.3;2025-07-25T23:51:21.300;1.43
1753476681.4;2025-07-25T23:51:21.400;1.43
1753476681.5;2025-07-25T23:51:21.500;1.43
1753476681.6;2025-07-25T23:51:21.600;1.43
1753476681.7;2025-07-25T23:51:21.700;1.43
1753476681.8;2025-07-25T23:51:21.800;1.43
1753476681.9;2025-07-25T23:51:21.900;1.43
1753476682;2025-07-25T23:51:22.000;1.43
1753476682.1;2025-07-25T23:51:22.100;1.43
1753476682.2;2025-07-25T23:51:22.200;1.43
1753476682.3;2025-07-25T23:51:22.300;1.43
1753476682.4;2025-07-25T23:51:22.400;1.43
1753476682.5;2025-07-25T23:51:22.500;1.43
1753476682.6;2025-07-25T23:51:22.600;1.43
1753476682.7;2025-07-25T23:51:22.700;1.43
1753476682.8;2025-07-25T23:51:22.800;1.43
1753476682.9;2025-07-25T23:51:22.900;1.43
1753476683;2025-07-25T23:51:23.000;1.43
1753476683.1;2025-07-25T23:51:23.100;1.43
1753476683.2;2025-07-25T23:51:23.200;1.43
1753476683.3;2025-07-25T23:51:23.300;1.43
1753476683.4;2025-07-25T23:51:23.400;1.42
1753476683.5;2025-07-25T23:51:23.500;1.41
1753476683.6;2025-07-25T23:51:23.600;1.47
1753476683.7;2025-07-25T23:51:23.700;1.47
1753476683.8;2025-07-25T23:51:23.800;1.45
1753476683.9;2025-07-25T23:51:23.900;1.47
1753476684;2025-07-25T23:51:24.000;1.56
1753476684.1;2025-07-25T23:51:24.100;1.62
1753476684.2;2025-07-25T23:51:24.200;1.65
1753476684.3;2025-07-25T23:51:24.300;1.65
1753476684.4;2025-07-25T23:51:24.400;1.69
1753476684.5;2025-07-25T23:51:24.500;1.69
1753476684.6;2025-07-25T23:51:24.600;1.74
1753476684.7;2025-07-25T23:51:24.700;1.74
1753476684.8;2025-07-25T23:51:24.800;1.8
1753476684.9;2025-07-25T23:51:24.900;1.8
1753476685;2025-07-25T23:51:25.000;1.83
1753476685.1;2025-07-25T23:51:25.100;1.8
1753476685.2;2025-07-25T23:51:25.200;1.78
1753476685.3;2025-07-25T23:51:25.300;1.82
1753476685.4;2025-07-25T23:51:25.400;1.87
1753476685.5;2025-07-25T23:51:25.500;1.87
1753476685.6;2025-07-25T23:51:25.600;1.87
1753476685.7;2025-07-25T23:51:25.700;1.89
1753476685.8;2025-07-25T23:51:25.800;1.92
1753476685.9;2025-07-25T23:51:25.900;1.94
1753476686;2025-07-25T23:51:26.000;1.96
1753476686.1;2025-07-25T23:51:26.100;1.98
1753476686.2;2025-07-25T23:51:26.200;1.98
1753476686.3;2025-07-25T23:51:26.300;2.06
1753476686.4;2025-07-25T23:51:26.400;2.11
1753476686.5;2025-07-25T23:51:26.500;2.13
1753476686.6;2025-07-25T23:51:26.600;2.17
1753476686.7;2025-07-25T23:51:26.700;2.17
1753476686.8;2025-07-25T23:51:26.800;2.18
1753476686.9;2025-07-25T23:51:26.900;2.19
1753476687;2025-07-25T23:51:27.000;2.22
1753476687.1;2025-07-25T23:51:27.100;2.22
1753476687.2;2025-07-25T23:51:27.200;2.22
1753476687.3;2025-07-25T23:51:27.300;2.22
1753476687.4;2025-07-25T23:51:27.400;2.22
1753476687.5;2025-07-25T23:51:27.500;2.22
1753476687.6;2025-07-25T23:51:27.600;2.23
1753476687.7;2025-07-25T23:51:27.700;2.26
1753476687.8;2025-07-25T23:51:27.800;2.26
1753476687.9;2025-07-25T23:51:27.900;2.24
1753476688;2025-07-25T23:51:28.000;2.28
1753476688.1;2025-07-25T23:51:28.100;2.26
1753476688.2;2025-07-25T23:51:28.200;2.27
1753476688.3;2025-07-25T23:51:28.300;2.31
1753476688.4;2025-07-25T23:51:28.400;2.33
1753476688.5;2025-07-25T23:51:28.500;2.33
1753476688.6;2025-07-25T23:51:28.600;2.33
1753476688.7;2025-07-25T23:51:28.700;2.33
1753476688.8;2025-07-25T23:51:28.800;2.36
1753476688.9;2025-07-25T23:51:28.900;2.36
1753476689;2025-07-25T23:51:29.000;2.34
1753476689.1;2025-07-25T23:51:29.100;2.36
1753476689.2;2025-07-25T23:51:29.200;2.36
1753476689.3;2025-07-25T23:51:29.300;2.36
1753476689.4;2025-07-25T23:51:29.400;2.46
1753476689.5;2025-07-25T23:51:29.500;2.52
1753476689.6;2025-07-25T23:51:29.600;2.56
1753476689.7;2025-07-25T23:51:29.700;2.69
1753476689.8;2025-07-25T23:51:29.800;2.72
1753476689.9;2025-07-25T23:51:29.900;2.75
1753476690;2025-07-25T23:51:30.000;2.8
1753476690.1;2025-07-25T23:51:30.100;2.8
1753476690.2;2025-07-25T23:51:30.200;2.85
1753476690.3;2025-07-25T23:51:30.300;2.78
1753476690.4;2025-07-25T23:51:30.400;2.78
1753476690.5;2025-07-25T23:51:30.500;2.8
1753476690.6;2025-07-25T23:51:30.600;2.8
1753476690.7;2025-07-25T23:51:30.700;2.8
1753476690.8;2025-07-25T23:51:30.800;2.8
1753476690.9;2025-07-25T23:51:30.900;2.8
1753476691;2025-07-25T23:51:31.000;2.8
1753476691.1;2025-07-25T23:51:31.100;2.8
1753476691.2;2025-07-25T23:51:31.200;2.8
1753476691.3;2025-07-25T23:51:31.300;2.8
1753476691.4;2025-07-25T23:51:31.400;2.8
1753476691.5;2025-07-25T23:51:31.500;2.8
1753476691.6;2025-07-25T23:51:31.600;2.8
1753476691.7;2025-07-25T23:51:31.700;2.8
1753476691.8;2025-07-25T23:51:31.800;2.8
1753476691.9;2025-07-25T23:51:31.900;2.8
1753476692;2025-07-25T23:51:32.000;2.8
1753476692.1;2025-07-25T23:51:32.100;2.8
1753476692.2;2025-07-25T23:51:32.200;2.8
1753476692.3;2025-07-25T23:51:32.300;2.8
1753476692.4;2025-07-25T23:51:32.400;2.8
1753476692.5;2025-07-25T23:51:32.500;2.8
1753476692.6;2025-07-25T23:51:32.600;2.81
1753476692.7;2025-07-25T23:51:32.700;2.79
1753476692.8;2025-07-25T23:51:32.800;2.79
1753476692.9;2025-07-25T23:51:32.900;2.77
1753476693;2025-07-25T23:51:33.000;2.75
1753476693.1;2025-07-25T23:51:33.100;2.69
1753476693.2;2025-07-25T23:51:33.200;2.67
1753476693.3;2025-07-25T23:51:33.300;2.76
1753476693.4;2025-07-25T23:51:33.400;2.7
1753476693.5;2025-07-25T23:51:33.500;2.62
1753476693.6;2025-07-25T23:51:33.600;2.54
1753476693.7;2025-07-25T23:51:33.700;2.46
1753476693.8;2025-07-25T23:51:33.800;2.39
1753476693.9;2025-07-25T23:51:33.900;2.33
1753476694;2025-07-25T23:51:34.000;2.24
1753476694.1;2025-07-25T23:51:34.100;2.24
1753476694.2;2025-07-25T23:51:34.200;2.03
1753476694.3;2025-07-25T23:51:34.300;1.98
1753476694.4;2025-07-25T23:51:34.400;1.98
1753476694.5;2025-07-25T23:51:34.500;1.9
1753476694.6;2025-07-25T23:51:34.600;1.82
1753476694.7;2025-07-25T23:51:34.700;1.73
1753476694.8;2025-07-25T23:51:34.800;1.66
1753476694.9;2025-07-25T23:51:34.900;1.59
1753476695;2025-07-25T23:51:35.000;1.55
1753476695.1;2025-07-25T23:51:35.100;1.47
1753476695.2;2025-07-25T23:51:35.200;1.34
1753476695.3;2025-07-25T23:51:35.300;1.29
1753476695.4;2025-07-25T23:51:35.400;1.23
1753476695.5;2025-07-25T23:51:35.500;1.3
1753476695.6;2025-07-25T23:51:35.600;1.26
1753476695.7;2025-07-25T23:51:35.700;1.26
1753476695.8;2025-07-25T23:51:35.800;1.19
1753476695.9;2025-07-25T23:51:35.900;1.14
1753476696;2025-07-25T23:51:36.000;1.14
1753476696.1;2025-07-25T23:51:36.100;1.11
1753476696.2;2025-07-25T23:51:36.200;1.06
1753476696.3;2025-07-25T23:51:36.300;1.02
1753476696.4;2025-07-25T23:51:36.400;1.02
1753476696.5;2025-07-25T23:51:36.500;1.02
1753476696.6;2025-07-25T23:51:36.600;1.02
1753476696.7;2025-07-25T23:51:36.700;1.02
1753476696.8;2025-07-25T23:51:36.800;1.02
1753476696.9;2025-07-25T23:51:36.900;1.02
1753476697;2025-07-25T23:51:37.000;0.87
1753476697.1;2025-07-25T23:51:37.100;0.87
1753476697.2;2025-07-25T23:51:37.200;0.87
1753476697.3;2025-07-25T23:51:37.300;0.87
1753476697.4;2025-07-25T23:51:37.400;0.87
1753476697.5;2025-07-25T23:51:37.500;0.87
1753476697.6;2025-07-25T23:51:37.600;0.92
1753476697.7;2025-07-25T23:51:37.700;0.92
1753476697.8;2025-07-25T23:51:37.800;0.94
1753476697.9;2025-07-25T23:51:37.900;0.94
1753476698;2025-07-25T23:51:38.000;0.9
1753476698.1;2025-07-25T23:51:38.100;0.9
1753476698.2;2025-07-25T23:51:38.200;0.89
1753476698.3;2025-07-25T23:51:38.300;0.87
1753476698.4;2025-07-25T23:51:38.400;0.86
1753476698.5;2025-07-25T23:51:38.500;0.82
1753476698.6;2025-07-25T23:51:38.600;0.75
1753476698.7;2025-07-25T23:51:38.700;0.7
1753476698.8;2025-07-25T23:51:38.800;0.7
1753476698.9;2025-07-25T23:51:38.900;0.68
1753476699;2025-07-25T23:51:39.000;0.68
1753476699.1;2025-07-25T23:51:39.100;0.67
1753476699.2;2025-07-25T23:51:39.200;0.66
1753476699.3;2025-07-25T23:51:39.300;0.66
1753476699.4;2025-07-25T23:51:39.400;0.66
1753476699.5;2025-07-25T23:51:39.500;0.66
1753476699.6;2025-07-25T23:51:39.600;0.66
1753476699.7;2025-07-25T23:51:39.700;0.66
1753476699.8;2025-07-25T23:51:39.800;0.66
1753476699.9;2025-07-25T23:51:39.900;0.66
1753476700;2025-07-25T23:51:40.000;0.66
1753476700.1;2025-07-25T23:51:40.100;0.66
1753476700.2;2025-07-25T23:51:40.200;0.66
1753476700.3;2025-07-25T23:51:40.300;0.62
1753476700.4;2025-07-25T23:51:40.400;0.62
1753476700.5;2025-07-25T23:51:40.500;0.62
1753476700.6;2025-07-25T23:51:40.600;0.62
1753476700.7;2025-07-25T23:51:40.700;0.62
1753476700.8;2025-07-25T23:51:40.800;0.62
1753476700.9;2025-07-25T23:51:40.900;0.62
1753476701;2025-07-25T23:51:41.000;0.62
1753476701.1;2025-07-25T23:51:41.100;0.62
1753476701.2;2025-07-25T23:51:41.200;0.62
1753476701.3;2025-07-25T23:51:41.300;0.62
1753476701.4;2025-07-25T23:51:41.400;0.62
1753476701.5;2025-07-25T23:51:41.500;0.62
1753476701.6;2025-07-25T23:51:41.600;0.62
1753476701.7;2025-07-25T23:51:41.700;0.62
1753476701.8;2025-07-25T23:51:41.800;0.62
1753476701.9;2025-07-25T23:51:41.900;0.62
1753476702;2025-07-25T23:51:42.000;0.62
1753476702.1;2025-07-25T23:51:42.100;0.62
1753476702.2;2025-07-25T23:51:42.200;0.62
1753476702.3;2025-07-25T23:51:42.300;0.62
1753476702.4;2025-07-25T23:51:42.400;0.62
1753476702.5;2025-07-25T23:51:42.500;0.62
1753476702.6;2025-07-25T23:51:42.600;0.62
1753476702.7;2025-07-25T23:51:42.700;0.62
1753476702.8;2025-07-25T23:51:42.800;0.62
1753476702.9;2025-07-25T23:51:42.900;0.62
1753476703;2025-07-25T23:51:43.000;0.62
1753476703.1;2025-07-25T23:51:43.100;0.62
1753476703.2;2025-07-25T23:51:43.200;0.62
1753476703.3;2025-07-25T23:51:43.300;0.62
1753476703.4;2025-07-25T23:51:43.400;0.62
1753476703.5;2025-07-25T23:51:43.500;0.62
1753476703.6;2025-07-25T23:51:43.600;0.62
1753476703.7;2025-07-25T23:51:43.700;0.62
1753476703.8;2025-07-25T23:51:43.800;0.61
1753476703.9;2025-07-25T23:51:43.900;0.59
1753476704;2025-07-25T23:51:44.000;0.56
1753476704.1;2025-07-25T23:51:44.100;0.55
1753476704.2;2025-07-25T23:51:44.200;0.53
1753476704.3;2025-07-25T23:51:44.300;0.5
1753476704.4;2025-07-25T23:51:44.400;0.5
1753476704.5;2025-07-25T23:51:44.500;0.5
1753476704.6;2025-07-25T23:51:44.600;0.47
1753476704.7;2025-07-25T23:51:44.700;0.47
1753476704.8;2025-07-25T23:51:44.800;0.47
1753476704.9;2025-07-25T23:51:44.900;0.45
1753476705;2025-07-25T23:51:45.000;0.42
1753476705.1;2025-07-25T23:51:45.100;0.42
1753476705.2;2025-07-25T23:51:45.200;0.43
1753476705.3;2025-07-25T23:51:45.300;0.43
1753476705.4;2025-07-25T23:51:45.400;0.43
1753476705.5;2025-07-25T23:51:45.500;0.41
1753476705.6;2025-07-25T23:51:45.600;0.36
1753476705.7;2025-07-25T23:51:45.700;0.37
1753476705.8;2025-07-25T23:51:45.800;0.37
1753476705.9;2025-07-25T23:51:45.900;0.37
1753476706;2025-07-25T23:51:46.000;0.37
1753476706.1;2025-07-25T23:51:46.100;0.37
1753476706.2;2025-07-25T23:51:46.200;0.37
1753476706.3;2025-07-25T23:51:46.300;0.37
1753476706.4;2025-07-25T23:51:46.400;0.37
1753476706.5;2025-07-25T23:51:46.500;0.37
1753476706.6;2025-07-25T23:51:46.600;0.37
1753476706.7;2025-07-25T23:51:46.700;0.37
1753476706.8;2025-07-25T23:51:46.800;0.37
1753476706.9;2025-07-25T23:51:46.900;0.37
1753476707;2025-07-25T23:51:47.000;0.37
1753476707.1;2025-07-25T23:51:47.100;0.37
1753476707.2;2025-07-25T23:51:47.200;0.37
1753476707.3;2025-07-25T23:51:47.300;0.37
1753476707.4;2025-07-25T23:51:47.400;0.37
1753476707.5;2025-07-25T23:51:47.500;0.37
1753476707.6;2025-07-25T23:51:47.600;0.37
1753476707.7;2025-07-25T23:51:47.700;0.37
1753476707.8;2025-07-25T23:51:47.800;0.37
1753476707.9;2025-07-25T23:51:47.900;0.37
1753476708;2025-07-25T23:51:48.000;0.37
1753476708.1;2025-07-25T23:51:48.100;0.37
1753476708.2;2025-07-25T23:51:48.200;0.37
1753476708.3;2025-07-25T23:51:48.300;0.37
1753476708.4;2025-07-25T23:51:48.400;0.37
1753476708.5;2025-07-25T23:51:48.500;0.37
1753476708.6;2025-07-25T23:51:48.600;0.37
1753476708.7;2025-07-25T23:51:48.700;0.37
1753476708.8;2025-07-25T23:51:48.800;0.37
1753476708.9;2025-07-25T23:51:48.900;0.37
1753476709;2025-07-25T23:51:49.000;0.37
1753476709.1;2025-07-25T23:51:49.100;0.37
1753476709.2;2025-07-25T23:51:49.200;0.37
1753476709.3;2025-07-25T23:51:49.300;0.37
1753476709.4;2025-07-25T23:51:49.400;0.37
1753476709.5;2025-07-25T23:51:49.500;0.37
1753476709.6;2025-07-25T23:51:49.600;0.37
1753476709.7;2025-07-25T23:51:49.700;0.37
1753476709.8;2025-07-25T23:51:49.800;0.37
1753476709.9;2025-07-25T23:51:49.900;0.37
1753476710;2025-07-25T23:51:50.000;0.37
1753476710.1;2025-07-25T23:51:50.100;0.37
1753476710.2;2025-07-25T23:51:50.200;0.37
1753476710.3;2025-07-25T23:51:50.300;0.37
1753476710.4;2025-07-25T23:51:50.400;0.37
1753476710.5;2025-07-25T23:51:50.500;0.37
1753476710.6;2025-07-25T23:51:50.600;0.37
1753476710.7;2025-07-25T23:51:50.700;0.37
1753476710.8;2025-07-25T23:51:50.800;0.37
1753476710.9;2025-07-25T23:51:50.900;0.37
1753476711;2025-07-25T23:51:51.000;0.37
1753476711.1;2025-07-25T23:51:51.100;0.37
1753476711.2;2025-07-25T23:51:51.200;0.37
1753476711.3;2025-07-25T23:51:51.300;0.37
1753476711.4;2025-07-25T23:51:51.400;0.37
1753476711.5;2025-07-25T23:51:51.500;0.37
1753476711.6;2025-07-25T23:51:51.600;0.37
1753476711.7;2025-07-25T23:51:51.700;0.37
1753476711.8;2025-07-25T23:51:51.800;0.37
1753476711.9;2025-07-25T23:51:51.900;0.37
1753476712;2025-07-25T23:51:52.000;0.37
1753476712.1;2025-07-25T23:51:52.100;0.37
1753476712.2;2025-07-25T23:51:52.200;0.37
1753476712.3;2025-07-25T23:51:52.300;0.37
1753476712.4;2025-07-25T23:51:52.400;0.37
1753476712.5;2025-07-25T23:51:52.500;0.37
1753476712.6;2025-07-25T23:51:52.600;0.37
1753476712.7;2025-07-25T23:51:52.700;0.37
1753476712.8;2025-07-25T23:51:52.800;0.57
1753476712.9;2025-07-25T23:51:52.900;0.57
1753476713;2025-07-25T23:51:53.000;0.57
1753476713.1;2025-07-25T23:51:53.100;0.58
1753476713.2;2025-07-25T23:51:53.200;0.58
1753476713.3;2025-07-25T23:51:53.300;0.59
1753476713.4;2025-07-25T23:51:53.400;0.59
1753476713.5;2025-07-25T23:51:53.500;0.6
1753476713.6;2025-07-25T23:51:53.600;0.62
1753476713.7;2025-07-25T23:51:53.700;0.62
1753476713.8;2025-07-25T23:51:53.800;0.64
1753476713.9;2025-07-25T23:51:53.900;0.65
1753476714;2025-07-25T23:51:54.000;0.66
1753476714.1;2025-07-25T23:51:54.100;0.67
1753476714.2;2025-07-25T23:51:54.200;0.68
1753476714.3;2025-07-25T23:51:54.300;0.73
1753476714.4;2025-07-25T23:51:54.400;0.73
1753476714.5;2025-07-25T23:51:54.500;0.74
1753476714.6;2025-07-25T23:51:54.600;0.79
1753476714.7;2025-07-25T23:51:54.700;0.84
1753476714.8;2025-07-25T23:51:54.800;0.84
1753476714.9;2025-07-25T23:51:54.900;0.9
1753476715;2025-07-25T23:51:55.000;0.9
1753476715.1;2025-07-25T23:51:55.100;0.9
1753476715.2;2025-07-25T23:51:55.200;0.9
1753476715.3;2025-07-25T23:51:55.300;0.95
1753476715.4;2025-07-25T23:51:55.400;0.95
1753476715.5;2025-07-25T23:51:55.500;0.95
1753476715.6;2025-07-25T23:51:55.600;0.95
1753476715.7;2025-07-25T23:51:55.700;0.95
1753476715.8;2025-07-25T23:51:55.800;0.95
1753476715.9;2025-07-25T23:51:55.900;0.95
1753476716;2025-07-25T23:51:56.000;0.95
1753476716.1;2025-07-25T23:51:56.100;0.95
1753476716.2;2025-07-25T23:51:56.200;0.95
1753476716.3;2025-07-25T23:51:56.300;0.95
1753476716.4;2025-07-25T23:51:56.400;0.95
1753476716.5;2025-07-25T23:51:56.500;0.95
1753476716.6;2025-07-25T23:51:56.600;0.95
1753476716.7;2025-07-25T23:51:56.700;0.95
1753476716.8;2025-07-25T23:51:56.800;0.95
1753476716.9;2025-07-25T23:51:56.900;0.95
1753476717;2025-07-25T23:51:57.000;0.95
1753476717.1;2025-07-25T23:51:57.100;0.95
1753476717.2;2025-07-25T23:51:57.200;0.95
1753476717.3;2025-07-25T23:51:57.300;0.95
1753476717.4;2025-07-25T23:51:57.400;0.95
1753476717.5;2025-07-25T23:51:57.500;0.95
1753476717.6;2025-07-25T23:51:57.600;0.95
1753476717.7;2025-07-25T23:51:57.700;0.95
1753476717.8;2025-07-25T23:51:57.800;0.99
1753476717.9;2025-07-25T23:51:57.900;0.99
1753476718;2025-07-25T23:51:58.000;0.99
1753476718.1;2025-07-25T23:51:58.100;0.99
1753476718.2;2025-07-25T23:51:58.200;0.99
1753476718.3;2025-07-25T23:51:58.300;0.99
1753476718.4;2025-07-25T23:51:58.400;0.99
1753476718.5;2025-07-25T23:51:58.500;0.99
1753476718.6;2025-07-25T23:51:58.600;0.99
1753476718.7;2025-07-25T23:51:58.700;0.99
1753476718.8;2025-07-25T23:51:58.800;0.99
1753476718.9;2025-07-25T23:51:58.900;0.99
1753476719;2025-07-25T23:51:59.000;0.99
1753476719.1;2025-07-25T23:51:59.100;0.99
1753476719.2;2025-07-25T23:51:59.200;0.99
1753476719.3;2025-07-25T23:51:59.300;0.99
1753476719.4;2025-07-25T23:51:59.400;0.99
1753476719.5;2025-07-25T23:51:59.500;0.99
1753476719.6;2025-07-25T23:51:59.600;0.99
1753476719.7;2025-07-25T23:51:59.700;0.99
1753476719.8;2025-07-25T23:51:59.800;0.99
1753476719.9;2025-07-25T23:51:59.900;0.99
1753476720;2025-07-25T23:52:00.000;0.99
1753476720.1;2025-07-25T23:52:00.100;0.99
1753476720.2;2025-07-25T23:52:00.200;0.99
1753476720.3;2025-07-25T23:52:00.300;1.03
1753476720.4;2025-07-25T23:52:00.400;1.03
1753476720.5;2025-07-25T23:52:00.500;1.07
1753476720.6;2025-07-25T23:52:00.600;1.07
1753476720.7;2025-07-25T23:52:00.700;1.07
1753476720.8;2025-07-25T23:52:00.800;1.05
1753476720.9;2025-07-25T23:52:00.900;1.05
1753476721;2025-07-25T23:52:01.000;1.11
1753476721.1;2025-07-25T23:52:01.100;1.15
1753476721.2;2025-07-25T23:52:01.200;1.14
1753476721.3;2025-07-25T23:52:01.300;1.17
1753476721.4;2025-07-25T23:52:01.400;1.2
1753476721.5;2025-07-25T23:52:01.500;1.24
1753476721.6;2025-07-25T23:52:01.600;1.3
1753476721.7;2025-07-25T23:52:01.700;1.32
1753476721.8;2025-07-25T23:52:01.800;1.33
1753476721.9;2025-07-25T23:52:01.900;1.32
1753476722;2025-07-25T23:52:02.000;1.33
1753476722.1;2025-07-25T23:52:02.100;1.33
1753476722.2;2025-07-25T23:52:02.200;1.33
1753476722.3;2025-07-25T23:52:02.300;1.33
1753476722.4;2025-07-25T23:52:02.400;1.33
1753476722.5;2025-07-25T23:52:02.500;1.33
1753476722.6;2025-07-25T23:52:02.600;1.33
1753476722.7;2025-07-25T23:52:02.700;1.33
1753476722.8;2025-07-25T23:52:02.800;1.33
1753476722.9;2025-07-25T23:52:02.900;1.33
1753476723;2025-07-25T23:52:03.000;1.33
1753476723.1;2025-07-25T23:52:03.100;1.33
1753476723.2;2025-07-25T23:52:03.200;1.33
1753476723.3;2025-07-25T23:52:03.300;1.33
1753476723.4;2025-07-25T23:52:03.400;1.33
1753476723.5;2025-07-25T23:52:03.500;1.33
1753476723.6;2025-07-25T23:52:03.600;1.33
1753476723.7;2025-07-25T23:52:03.700;1.33
1753476723.8;2025-07-25T23:52:03.800;1.33
1753476723.9;2025-07-25T23:52:03.900;1.33
1753476724;2025-07-25T23:52:04.000;1.33
1753476724.1;2025-07-25T23:52:04.100;1.33
1753476724.2;2025-07-25T23:52:04.200;1.33
1753476724.3;2025-07-25T23:52:04.300;1.33
1753476724.4;2025-07-25T23:52:04.400;1.33
1753476724.5;2025-07-25T23:52:04.500;1.33
1753476724.6;2025-07-25T23:52:04.600;1.33
1753476724.7;2025-07-25T23:52:04.700;1.33
1753476724.8;2025-07-25T23:52:04.800;1.33
1753476724.9;2025-07-25T23:52:04.900;1.33
1753476725;2025-07-25T23:52:05.000;1.33
1753476725.1;2025-07-25T23:52:05.100;1.33
1753476725.2;2025-07-25T23:52:05.200;1.33
1753476725.3;2025-07-25T23:52:05.300;1.33
1753476725.4;2025-07-25T23:52:05.400;1.33
1753476725.5;2025-07-25T23:52:05.500;1.33
1753476725.6;2025-07-25T23:52:05.600;1.33
1753476725.7;2025-07-25T23:52:05.700;1.34
1753476725.8;2025-07-25T23:52:05.800;1.34
1753476725.9;2025-07-25T23:52:05.900;1.33
1753476726;2025-07-25T23:52:06.000;1.33
1753476726.1;2025-07-25T23:52:06.100;1.33
1753476726.2;2025-07-25T23:52:06.200;1.34
1753476726.3;2025-07-25T23:52:06.300;1.36
1753476726.4;2025-07-25T23:52:06.400;1.37
1753476726.5;2025-07-25T23:52:06.500;1.38
1753476726.6;2025-07-25T23:52:06.600;1.4
1753476726.7;2025-07-25T23:52:06.700;1.43
1753476726.8;2025-07-25T23:52:06.800;1.46
1753476726.9;2025-07-25T23:52:06.900;1.48
1753476727;2025-07-25T23:52:07.000;1.51
1753476727.1;2025-07-25T23:52:07.100;1.56
1753476727.2;2025-07-25T23:52:07.200;1.62
1753476727.3;2025-07-25T23:52:07.300;1.66
1753476727.4;2025-07-25T23:52:07.400;1.71
1753476727.5;2025-07-25T23:52:07.500;1.74
1753476727.6;2025-07-25T23:52:07.600;1.74
1753476727.7;2025-07-25T23:52:07.700;1.74
1753476727.8;2025-07-25T23:52:07.800;1.74
1753476727.9;2025-07-25T23:52:07.900;1.74
1753476728;2025-07-25T23:52:08.000;1.74
1753476728.1;2025-07-25T23:52:08.100;1.74
1753476728.2;2025-07-25T23:52:08.200;1.74
1753476728.3;2025-07-25T23:52:08.300;1.74
1753476728.4;2025-07-25T23:52:08.400;1.74
1753476728.5;2025-07-25T23:52:08.500;1.74
1753476728.6;2025-07-25T23:52:08.600;1.74
1753476728.7;2025-07-25T23:52:08.700;1.74
1753476728.8;2025-07-25T23:52:08.800;1.74
1753476728.9;2025-07-25T23:52:08.900;1.74
1753476729;2025-07-25T23:52:09.000;1.74
1753476729.1;2025-07-25T23:52:09.100;1.74
1753476729.2;2025-07-25T23:52:09.200;1.74
1753476729.3;2025-07-25T23:52:09.300;1.77
1753476729.4;2025-07-25T23:52:09.400;1.78
1753476729.5;2025-07-25T23:52:09.500;1.74
1753476729.6;2025-07-25T23:52:09.600;1.75
1753476729.7;2025-07-25T23:52:09.700;1.87
1753476729.8;2025-07-25T23:52:09.800;1.87
1753476729.9;2025-07-25T23:52:09.900;1.84
1753476730;2025-07-25T23:52:10.000;1.79
1753476730.1;2025-07-25T23:52:10.100;1.75
1753476730.2;2025-07-25T23:52:10.200;1.71
1753476730.3;2025-07-25T23:52:10.300;1.68
1753476730.4;2025-07-25T23:52:10.400;1.69
1753476730.5;2025-07-25T23:52:10.500;1.63
1753476730.6;2025-07-25T23:52:10.600;1.45
1753476730.7;2025-07-25T23:52:10.700;1.44
1753476730.8;2025-07-25T23:52:10.800;1.43
1753476730.9;2025-07-25T23:52:10.900;1.43
1753476731;2025-07-25T23:52:11.000;1.43
1753476731.1;2025-07-25T23:52:11.100;1.43
1753476731.2;2025-07-25T23:52:11.200;1.43
1753476731.3;2025-07-25T23:52:11.300;1.43
1753476731.4;2025-07-25T23:52:11.400;1.43
1753476731.5;2025-07-25T23:52:11.500;1.43
1753476731.6;2025-07-25T23:52:11.600;1.43
1753476731.7;2025-07-25T23:52:11.700;1.43
1753476731.8;2025-07-25T23:52:11.800;1.43
1753476731.9;2025-07-25T23:52:11.900;1.43
1753476732;2025-07-25T23:52:12.000;1.43
1753476732.1;2025-07-25T23:52:12.100;1.43
1753476732.2;2025-07-25T23:52:12.200;1.43
1753476732.3;2025-07-25T23:52:12.300;1.43
1753476732.4;2025-07-25T23:52:12.400;1.43
1753476732.5;2025-07-25T23:52:12.500;1.43
1753476732.6;2025-07-25T23:52:12.600;1.43
1753476732.7;2025-07-25T23:52:12.700;1.43
1753476732.8;2025-07-25T23:52:12.800;1.42
1753476732.9;2025-07-25T23:52:12.900;1.42
1753476733;2025-07-25T23:52:13.000;1.42
1753476733.1;2025-07-25T23:52:13.100;1.42
1753476733.2;2025-07-25T23:52:13.200;1.4
1753476733.3;2025-07-25T23:52:13.300;1.38
1753476733.4;2025-07-25T23:52:13.400;1.37
1753476733.5;2025-07-25T23:52:13.500;1.37
1753476733.6;2025-07-25T23:52:13.600;1.37
1753476733.7;2025-07-25T23:52:13.700;1.38
1753476733.8;2025-07-25T23:52:13.800;1.38
1753476733.9;2025-07-25T23:52:13.900;1.38
1753476734;2025-07-25T23:52:14.000;1.36
1753476734.1;2025-07-25T23:52:14.100;1.36
1753476734.2;2025-07-25T23:52:14.200;1.38
1753476734.3;2025-07-25T23:52:14.300;1.38
1753476734.4;2025-07-25T23:52:14.400;1.39
1753476734.5;2025-07-25T23:52:14.500;1.38
1753476734.6;2025-07-25T23:52:14.600;1.37
1753476734.7;2025-07-25T23:52:14.700;1.35
1753476734.8;2025-07-25T23:52:14.800;1.33
1753476734.9;2025-07-25T23:52:14.900;1.32
1753476735;2025-07-25T23:52:15.000;1.31
1753476735.1;2025-07-25T23:52:15.100;1.27
1753476735.2;2025-07-25T23:52:15.200;1.25
1753476735.3;2025-07-25T23:52:15.300;1.19
1753476735.4;2025-07-25T23:52:15.400;1.11
1753476735.5;2025-07-25T23:52:15.500;1.11
1753476735.6;2025-07-25T23:52:15.600;1.04
1753476735.7;2025-07-25T23:52:15.700;0.97
1753476735.8;2025-07-25T23:52:15.800;0.9
1753476735.9;2025-07-25T23:52:15.900;0.82
1753476736;2025-07-25T23:52:16.000;0.77
1753476736.1;2025-07-25T23:52:16.100;0.7
1753476736.2;2025-07-25T23:52:16.200;0.69
1753476736.3;2025-07-25T23:52:16.300;0.66
1753476736.4;2025-07-25T23:52:16.400;0.63
1753476736.5;2025-07-25T23:52:16.500;0.58
1753476736.6;2025-07-25T23:52:16.600;0.53
1753476736.7;2025-07-25T23:52:16.700;0.48
1753476736.8;2025-07-25T23:52:16.800;0.42
1753476736.9;2025-07-25T23:52:16.900;0.37
1753476737;2025-07-25T23:52:17.000;0.37
1753476737.1;2025-07-25T23:52:17.100;0.37
1753476737.2;2025-07-25T23:52:17.200;0.31
1753476737.3;2025-07-25T23:52:17.300;0.31
1753476737.4;2025-07-25T23:52:17.400;0.28
1753476737.5;2025-07-25T23:52:17.500;0.25
1753476737.6;2025-07-25T23:52:17.600;0.25
1753476737.7;2025-07-25T23:52:17.700;0.25
1753476737.8;2025-07-25T23:52:17.800;0.25
1753476737.9;2025-07-25T23:52:17.900;0.25
1753476738;2025-07-25T23:52:18.000;0.25
1753476738.1;2025-07-25T23:52:18.100;0.25
1753476738.2;2025-07-25T23:52:18.200;0.25
1753476738.3;2025-07-25T23:52:18.300;0.24
1753476738.4;2025-07-25T23:52:18.400;0.22
1753476738.5;2025-07-25T23:52:18.500;0.24
1753476738.6;2025-07-25T23:52:18.600;0.24
1753476738.7;2025-07-25T23:52:18.700;0.26
1753476738.8;2025-07-25T23:52:18.800;0.26
1753476738.9;2025-07-25T23:52:18.900;0.28
1753476739;2025-07-25T23:52:19.000;0.33
1753476739.1;2025-07-25T23:52:19.100;0.33
1753476739.2;2025-07-25T23:52:19.200;0.33
1753476739.3;2025-07-25T23:52:19.300;0.33
1753476739.4;2025-07-25T23:52:19.400;0.33
1753476739.5;2025-07-25T23:52:19.500;0.38
1753476739.6;2025-07-25T23:52:19.600;0.43
1753476739.7;2025-07-25T23:52:19.700;0.46
1753476739.8;2025-07-25T23:52:19.800;0.46
1753476739.9;2025-07-25T23:52:19.900;0.46
1753476740;2025-07-25T23:52:20.000;0.46
1753476740.1;2025-07-25T23:52:20.100;0.5
1753476740.2;2025-07-25T23:52:20.200;0.54
1753476740.3;2025-07-25T23:52:20.300;0.54
1753476740.4;2025-07-25T23:52:20.400;0.54
1753476740.5;2025-07-25T23:52:20.500;0.54
1753476740.6;2025-07-25T23:52:20.600;0.54
1753476740.7;2025-07-25T23:52:20.700;0.54
1753476740.8;2025-07-25T23:52:20.800;0.54
1753476740.9;2025-07-25T23:52:20.900;0.57
1753476741;2025-07-25T23:52:21.000;0.57
1753476741.1;2025-07-25T23:52:21.100;0.57
1753476741.2;2025-07-25T23:52:21.200;0.57
1753476741.3;2025-07-25T23:52:21.300;0.57
1753476741.4;2025-07-25T23:52:21.400;0.57
1753476741.5;2025-07-25T23:52:21.500;0.57
1753476741.6;2025-07-25T23:52:21.600;0.57
1753476741.7;2025-07-25T23:52:21.700;0.57
1753476741.8;2025-07-25T23:52:21.800;0.57
1753476741.9;2025-07-25T23:52:21.900;0.57
1753476742;2025-07-25T23:52:22.000;0.57
1753476742.1;2025-07-25T23:52:22.100;0.57
1753476742.2;2025-07-25T23:52:22.200;0.57
1753476742.3;2025-07-25T23:52:22.300;0.57
1753476742.4;2025-07-25T23:52:22.400;0.57
1753476742.5;2025-07-25T23:52:22.500;0.57
1753476742.6;2025-07-25T23:52:22.600;0.57
1753476742.7;2025-07-25T23:52:22.700;0.57
1753476742.8;2025-07-25T23:52:22.800;0.57
1753476742.9;2025-07-25T23:52:22.900;0.57
1753476743;2025-07-25T23:52:23.000;0.57
1753476743.1;2025-07-25T23:52:23.100;0.57
1753476743.2;2025-07-25T23:52:23.200;0.57
1753476743.3;2025-07-25T23:52:23.300;0.57
1753476743.4;2025-07-25T23:52:23.400;0.57
1753476743.5;2025-07-25T23:52:23.500;0.57
1753476743.6;2025-07-25T23:52:23.600;0.57
1753476743.7;2025-07-25T23:52:23.700;0.57
1753476743.8;2025-07-25T23:52:23.800;0.57
1753476743.9;2025-07-25T23:52:23.900;0.57
1753476744;2025-07-25T23:52:24.000;0.59
1753476744.1;2025-07-25T23:52:24.100;0.59
1753476744.2;2025-07-25T23:52:24.200;0.56
1753476744.3;2025-07-25T23:52:24.300;0.55
1753476744.4;2025-07-25T23:52:24.400;0.51
1753476744.5;2025-07-25T23:52:24.500;0.47
1753476744.6;2025-07-25T23:52:24.600;0.41
1753476744.7;2025-07-25T23:52:24.700;0.41
1753476744.8;2025-07-25T23:52:24.800;0.41
1753476744.9;2025-07-25T23:52:24.900;0.41
1753476745;2025-07-25T23:52:25.000;0.41
1753476745.1;2025-07-25T23:52:25.100;0.41
1753476745.2;2025-07-25T23:52:25.200;0.41
1753476745.3;2025-07-25T23:52:25.300;0.41
1753476745.4;2025-07-25T23:52:25.400;0.41
1753476745.5;2025-07-25T23:52:25.500;0.41
1753476745.6;2025-07-25T23:52:25.600;0.41
1753476745.7;2025-07-25T23:52:25.700;0.41
1753476745.8;2025-07-25T23:52:25.800;0.41
1753476745.9;2025-07-25T23:52:25.900;0.41
1753476746;2025-07-25T23:52:26.000;0.41
1753476746.1;2025-07-25T23:52:26.100;0.41
1753476746.2;2025-07-25T23:52:26.200;0.41
1753476746.3;2025-07-25T23:52:26.300;0.41
1753476746.4;2025-07-25T23:52:26.400;0.41
1753476746.5;2025-07-25T23:52:26.500;0.41
1753476746.6;2025-07-25T23:52:26.600;0.41
1753476746.7;2025-07-25T23:52:26.700;0.41
1753476746.8;2025-07-25T23:52:26.800;0.41
1753476746.9;2025-07-25T23:52:26.900;0.41
1753476747;2025-07-25T23:52:27.000;0.41
1753476747.1;2025-07-25T23:52:27.100;0.41
1753476747.2;2025-07-25T23:52:27.200;0.41
1753476747.3;2025-07-25T23:52:27.300;0.41
1753476747.4;2025-07-25T23:52:27.400;0.41
1753476747.5;2025-07-25T23:52:27.500;0.41
1753476747.6;2025-07-25T23:52:27.600;0.41
1753476747.7;2025-07-25T23:52:27.700;0.41
1753476747.8;2025-07-25T23:52:27.800;0.36
1753476747.9;2025-07-25T23:52:27.900;0.36
1753476748;2025-07-25T23:52:28.000;0.36
1753476748.1;2025-07-25T23:52:28.100;0.36
1753476748.2;2025-07-25T23:52:28.200;0.3
1753476748.3;2025-07-25T23:52:28.300;0.25
1753476748.4;2025-07-25T23:52:28.400;0.21
1753476748.5;2025-07-25T23:52:28.500;0.16
1753476748.6;2025-07-25T23:52:28.600;0.16
1753476748.7;2025-07-25T23:52:28.700;0.15
1753476748.8;2025-07-25T23:52:28.800;0.14
1753476748.9;2025-07-25T23:52:28.900;0.14
1753476749;2025-07-25T23:52:29.000;0.14
1753476749.1;2025-07-25T23:52:29.100;0.14
1753476749.2;2025-07-25T23:52:29.200;0.14
1753476749.3;2025-07-25T23:52:29.300;0.14
1753476749.4;2025-07-25T23:52:29.400;0.14
1753476749.5;2025-07-25T23:52:29.500;0.14
1753476749.6;2025-07-25T23:52:29.600;0.14
1753476749.7;2025-07-25T23:52:29.700;0.14
1753476749.8;2025-07-25T23:52:29.800;0.14
1753476749.9;2025-07-25T23:52:29.900;0.14
1753476750;2025-07-25T23:52:30.000;0.14
1753476750.1;2025-07-25T23:52:30.100;0.14
1753476750.2;2025-07-25T23:52:30.200;0.14
1753476750.3;2025-07-25T23:52:30.300;0.14
1753476750.4;2025-07-25T23:52:30.400;0.14
1753476750.5;2025-07-25T23:52:30.500;0.14
1753476750.6;2025-07-25T23:52:30.600;0.14
1753476750.7;2025-07-25T23:52:30.700;0.14
1753476750.8;2025-07-25T23:52:30.800;0.14
1753476750.9;2025-07-25T23:52:30.900;0.14
1753476751;2025-07-25T23:52:31.000;0.14
1753476751.1;2025-07-25T23:52:31.100;0.14
1753476751.2;2025-07-25T23:52:31.200;0.14
1753476751.3;2025-07-25T23:52:31.300;0.14
1753476751.4;2025-07-25T23:52:31.400;0.14
1753476751.5;2025-07-25T23:52:31.500;0.14
1753476751.6;2025-07-25T23:52:31.600;0.14
1753476751.7;2025-07-25T23:52:31.700;0.14
1753476751.8;2025-07-25T23:52:31.800;0.14
1753476751.9;2025-07-25T23:52:31.900;0.14
1753476752;2025-07-25T23:52:32.000;0.14
1753476752.1;2025-07-25T23:52:32.100;0.14
1753476752.2;2025-07-25T23:52:32.200;0.14
1753476752.3;2025-07-25T23:52:32.300;0.14
1753476752.4;2025-07-25T23:52:32.400;0.14
1753476752.5;2025-07-25T23:52:32.500;0.14
1753476752.6;2025-07-25T23:52:32.600;0.14
1753476752.7;2025-07-25T23:52:32.700;0.14
1753476752.8;2025-07-25T23:52:32.800;0.14
1753476752.9;2025-07-25T23:52:32.900;0.14
1753476753;2025-07-25T23:52:33.000;0.14
1753476753.1;2025-07-25T23:52:33.100;0.14
1753476753.2;2025-07-25T23:52:33.200;0.14
1753476753.3;2025-07-25T23:52:33.300;0.14
1753476753.4;2025-07-25T23:52:33.400;0.14
1753476753.5;2025-07-25T23:52:33.500;0.14
1753476753.6;2025-07-25T23:52:33.600;0.14
1753476753.7;2025-07-25T23:52:33.700;0.14
1753476753.8;2025-07-25T23:52:33.800;0.14
1753476753.9;2025-07-25T23:52:33.900;0.14
1753476754;2025-07-25T23:52:34.000;0.14
1753476754.1;2025-07-25T23:52:34.100;0.14
1753476754.2;2025-07-25T23:52:34.200;0.14
1753476754.3;2025-07-25T23:52:34.300;0.14
1753476754.4;2025-07-25T23:52:34.400;0.12
1753476754.5;2025-07-25T23:52:34.500;0.12
1753476754.6;2025-07-25T23:52:34.600;0.14
1753476754.7;2025-07-25T23:52:34.700;0.14
1753476754.8;2025-07-25T23:52:34.800;0.19
1753476754.9;2025-07-25T23:52:34.900;0.19
1753476755;2025-07-25T23:52:35.000;0.24
1753476755.1;2025-07-25T23:52:35.100;0.24
1753476755.2;2025-07-25T23:52:35.200;0.29
1753476755.3;2025-07-25T23:52:35.300;0.29
1753476755.4;2025-07-25T23:52:35.400;0.29
1753476755.5;2025-07-25T23:52:35.500;0.29
1753476755.6;2025-07-25T23:52:35.600;0.29
1753476755.7;2025-07-25T23:52:35.700;0.29
1753476755.8;2025-07-25T23:52:35.800;0.33
1753476755.9;2025-07-25T23:52:35.900;0.33
1753476756;2025-07-25T23:52:36.000;0.33
1753476756.1;2025-07-25T23:52:36.100;0.33
1753476756.2;2025-07-25T23:52:36.200;0.33
1753476756.3;2025-07-25T23:52:36.300;0.33
1753476756.4;2025-07-25T23:52:36.400;0.33
1753476756.5;2025-07-25T23:52:36.500;0.33
1753476756.6;2025-07-25T23:52:36.600;0.33
1753476756.7;2025-07-25T23:52:36.700;0.33
1753476756.8;2025-07-25T23:52:36.800;0.33
1753476756.9;2025-07-25T23:52:36.900;0.4
1753476757;2025-07-25T23:52:37.000;0.4
1753476757.1;2025-07-25T23:52:37.100;0.37
1753476757.2;2025-07-25T23:52:37.200;0.36
1753476757.3;2025-07-25T23:52:37.300;0.36
1753476757.4;2025-07-25T23:52:37.400;0.36
1753476757.5;2025-07-25T23:52:37.500;0.36
1753476757.6;2025-07-25T23:52:37.600;0.3
1753476757.7;2025-07-25T23:52:37.700;0.3
1753476757.8;2025-07-25T23:52:37.800;0.24
1753476757.9;2025-07-25T23:52:37.900;0.24
1753476758;2025-07-25T23:52:38.000;0.24
1753476758.1;2025-07-25T23:52:38.100;0.24
1753476758.2;2025-07-25T23:52:38.200;0.19
1753476758.3;2025-07-25T23:52:38.300;0.15
1753476758.4;2025-07-25T23:52:38.400;0.15
1753476758.5;2025-07-25T23:52:38.500;0.15
1753476758.6;2025-07-25T23:52:38.600;0.15
1753476758.7;2025-07-25T23:52:38.700;0.15
1753476758.8;2025-07-25T23:52:38.800;0.15
1753476758.9;2025-07-25T23:52:38.900;0.15
1753476759;2025-07-25T23:52:39.000;0.15
1753476759.1;2025-07-25T23:52:39.100;0.15
1753476759.2;2025-07-25T23:52:39.200;0.09
1753476759.3;2025-07-25T23:52:39.300;0.09
1753476759.4;2025-07-25T23:52:39.400;0.16
1753476759.5;2025-07-25T23:52:39.500;0.16
1753476759.6;2025-07-25T23:52:39.600;0.16
1753476759.7;2025-07-25T23:52:39.700;0.21
1753476759.8;2025-07-25T23:52:39.800;0.26
1753476759.9;2025-07-25T23:52:39.900;0.26
1753476760;2025-07-25T23:52:40.000;0.31
1753476760.1;2025-07-25T23:52:40.100;0.31
1753476760.2;2025-07-25T23:52:40.200;0.38
1753476760.3;2025-07-25T23:52:40.300;0.44
1753476760.4;2025-07-25T23:52:40.400;0.5
1753476760.5;2025-07-25T23:52:40.500;0.55
1753476760.6;2025-07-25T23:52:40.600;0.54
1753476760.7;2025-07-25T23:52:40.700;0.56
1753476760.8;2025-07-25T23:52:40.800;0.58
1753476760.9;2025-07-25T23:52:40.900;0.58
1753476761;2025-07-25T23:52:41.000;0.58
1753476761.1;2025-07-25T23:52:41.100;0.6
1753476761.2;2025-07-25T23:52:41.200;0.6
1753476761.3;2025-07-25T23:52:41.300;0.61
1753476761.4;2025-07-25T23:52:41.400;0.61
1753476761.5;2025-07-25T23:52:41.500;0.63
1753476761.6;2025-07-25T23:52:41.600;0.63
1753476761.7;2025-07-25T23:52:41.700;0.63
1753476761.8;2025-07-25T23:52:41.800;0.63
1753476761.9;2025-07-25T23:52:41.900;0.62
1753476762;2025-07-25T23:52:42.000;0.62
1753476762.1;2025-07-25T23:52:42.100;0.62
1753476762.2;2025-07-25T23:52:42.200;0.62
1753476762.3;2025-07-25T23:52:42.300;0.62
1753476762.4;2025-07-25T23:52:42.400;0.62
1753476762.5;2025-07-25T23:52:42.500;0.62
1753476762.6;2025-07-25T23:52:42.600;0.62
1753476762.7;2025-07-25T23:52:42.700;0.62
1753476762.8;2025-07-25T23:52:42.800;0.62
1753476762.9;2025-07-25T23:52:42.900;0.67
1753476763;2025-07-25T23:52:43.000;0.67
1753476763.1;2025-07-25T23:52:43.100;0.67
1753476763.2;2025-07-25T23:52:43.200;0.67
1753476763.3;2025-07-25T23:52:43.300;0.67
1753476763.4;2025-07-25T23:52:43.400;0.67
1753476763.5;2025-07-25T23:52:43.500;0.67
1753476763.6;2025-07-25T23:52:43.600;0.67
1753476763.7;2025-07-25T23:52:43.700;0.67
1753476763.8;2025-07-25T23:52:43.800;0.67
1753476763.9;2025-07-25T23:52:43.900;0.67
1753476764;2025-07-25T23:52:44.000;0.67
1753476764.1;2025-07-25T23:52:44.100;0.67
1753476764.2;2025-07-25T23:52:44.200;0.67
1753476764.3;2025-07-25T23:52:44.300;0.67
1753476764.4;2025-07-25T23:52:44.400;0.67
1753476764.5;2025-07-25T23:52:44.500;0.67
1753476764.6;2025-07-25T23:52:44.600;0.67
1753476764.7;2025-07-25T23:52:44.700;0.67
1753476764.8;2025-07-25T23:52:44.800;0.67
1753476764.9;2025-07-25T23:52:44.900;0.67
1753476765;2025-07-25T23:52:45.000;0.67
1753476765.1;2025-07-25T23:52:45.100;0.67
1753476765.2;2025-07-25T23:52:45.200;0.67
1753476765.3;2025-07-25T23:52:45.300;0.67
1753476765.4;2025-07-25T23:52:45.400;0.67
1753476765.5;2025-07-25T23:52:45.500;0.67
1753476765.6;2025-07-25T23:52:45.600;0.67
1753476765.7;2025-07-25T23:52:45.700;0.67
1753476765.8;2025-07-25T23:52:45.800;0.67
1753476765.9;2025-07-25T23:52:45.900;0.67
1753476766;2025-07-25T23:52:46.000;0.67
1753476766.1;2025-07-25T23:52:46.100;0.67
1753476766.2;2025-07-25T23:52:46.200;0.67
1753476766.3;2025-07-25T23:52:46.300;0.67
1753476766.4;2025-07-25T23:52:46.400;0.67
1753476766.5;2025-07-25T23:52:46.500;0.67
1753476766.6;2025-07-25T23:52:46.600;0.67
1753476766.7;2025-07-25T23:52:46.700;0.67
1753476766.8;2025-07-25T23:52:46.800;0.67
1753476766.9;2025-07-25T23:52:46.900;0.67
1753476767;2025-07-25T23:52:47.000;0.67
1753476767.1;2025-07-25T23:52:47.100;0.67
1753476767.2;2025-07-25T23:52:47.200;0.67
1753476767.3;2025-07-25T23:52:47.300;0.67
1753476767.4;2025-07-25T23:52:47.400;0.67
1753476767.5;2025-07-25T23:52:47.500;0.67
1753476767.6;2025-07-25T23:52:47.600;0.67
1753476767.7;2025-07-25T23:52:47.700;0.67
1753476767.8;2025-07-25T23:52:47.800;0.67
1753476767.9;2025-07-25T23:52:47.900;0.67
1753476768;2025-07-25T23:52:48.000;0.67
1753476768.1;2025-07-25T23:52:48.100;0.67
1753476768.2;2025-07-25T23:52:48.200;0.67
1753476768.3;2025-07-25T23:52:48.300;0.67
1753476768.4;2025-07-25T23:52:48.400;0.48
1753476768.5;2025-07-25T23:52:48.500;0.48
1753476768.6;2025-07-25T23:52:48.600;0.48
1753476768.7;2025-07-25T23:52:48.700;0.48
1753476768.8;2025-07-25T23:52:48.800;0.48
1753476768.9;2025-07-25T23:52:48.900;0.48
1753476769;2025-07-25T23:52:49.000;0.48
1753476769.1;2025-07-25T23:52:49.100;0.48
1753476769.2;2025-07-25T23:52:49.200;0.48
1753476769.3;2025-07-25T23:52:49.300;0.48
1753476769.4;2025-07-25T23:52:49.400;0.48
1753476769.5;2025-07-25T23:52:49.500;0.48
1753476769.6;2025-07-25T23:52:49.600;0.48
1753476769.7;2025-07-25T23:52:49.700;0.48
1753476769.8;2025-07-25T23:52:49.800;0.48
1753476769.9;2025-07-25T23:52:49.900;0.48
1753476770;2025-07-25T23:52:50.000;0.48
1753476770.1;2025-07-25T23:52:50.100;0.48
1753476770.2;2025-07-25T23:52:50.200;0.48
1753476770.3;2025-07-25T23:52:50.300;0.48
1753476770.4;2025-07-25T23:52:50.400;0.48
1753476770.5;2025-07-25T23:52:50.500;0.48
1753476770.6;2025-07-25T23:52:50.600;0.48
1753476770.7;2025-07-25T23:52:50.700;0.48
1753476770.8;2025-07-25T23:52:50.800;0.48
1753476770.9;2025-07-25T23:52:50.900;0.48
1753476771;2025-07-25T23:52:51.000;0.48
1753476771.1;2025-07-25T23:52:51.100;0.48
1753476771.2;2025-07-25T23:52:51.200;0.48
1753476771.3;2025-07-25T23:52:51.300;0.48
1753476771.4;2025-07-25T23:52:51.400;0.48
1753476771.5;2025-07-25T23:52:51.500;0.48
1753476771.6;2025-07-25T23:52:51.600;0.48
1753476771.7;2025-07-25T23:52:51.700;0.48
1753476771.8;2025-07-25T23:52:51.800;0.48
1753476771.9;2025-07-25T23:52:51.900;0.48
1753476772;2025-07-25T23:52:52.000;0.58
1753476772.1;2025-07-25T23:52:52.100;0.53
1753476772.2;2025-07-25T23:52:52.200;0.53
1753476772.3;2025-07-25T23:52:52.300;0.47
1753476772.4;2025-07-25T23:52:52.400;0.47
1753476772.5;2025-07-25T23:52:52.500;0.47
1753476772.6;2025-07-25T23:52:52.600;0.47
1753476772.7;2025-07-25T23:52:52.700;0.47
1753476772.8;2025-07-25T23:52:52.800;0.47
1753476772.9;2025-07-25T23:52:52.900;0.47
1753476773;2025-07-25T23:52:53.000;0.47
1753476773.1;2025-07-25T23:52:53.100;0.47
1753476773.2;2025-07-25T23:52:53.200;0.47
1753476773.3;2025-07-25T23:52:53.300;0.47
1753476773.4;2025-07-25T23:52:53.400;0.47
1753476773.5;2025-07-25T23:52:53.500;0.47
1753476773.6;2025-07-25T23:52:53.600;0.47
1753476773.7;2025-07-25T23:52:53.700;0.47
1753476773.8;2025-07-25T23:52:53.800;0.47
1753476773.9;2025-07-25T23:52:53.900;0.47
1753476774;2025-07-25T23:52:54.000;0.47
1753476774.1;2025-07-25T23:52:54.100;0.47
1753476774.2;2025-07-25T23:52:54.200;0.47
1753476774.3;2025-07-25T23:52:54.300;0.04
1753476774.4;2025-07-25T23:52:54.400;0.04
1753476774.5;2025-07-25T23:52:54.500;0.04
1753476774.6;2025-07-25T23:52:54.600;0.07
1753476774.7;2025-07-25T23:52:54.700;0.07
1753476774.8;2025-07-25T23:52:54.800;0.08
1753476774.9;2025-07-25T23:52:54.900;0.08
1753476775;2025-07-25T23:52:55.000;0.08
1753476775.1;2025-07-25T23:52:55.100;0.08
1753476775.2;2025-07-25T23:52:55.200;0.08
1753476775.3;2025-07-25T23:52:55.300;0.08
1753476775.4;2025-07-25T23:52:55.400;0.07
1753476775.5;2025-07-25T23:52:55.500;0.07
1753476775.6;2025-07-25T23:52:55.600;0.07
1753476775.7;2025-07-25T23:52:55.700;0.06
1753476775.8;2025-07-25T23:52:55.800;0.06
1753476775.9;2025-07-25T23:52:55.900;0.1
1753476776;2025-07-25T23:52:56.000;0.1
1753476776.1;2025-07-25T23:52:56.100;0.09
1753476776.2;2025-07-25T23:52:56.200;0.09
1753476776.3;2025-07-25T23:52:56.300;0.09
1753476776.4;2025-07-25T23:52:56.400;0.09
1753476776.5;2025-07-25T23:52:56.500;0.11
1753476776.6;2025-07-25T23:52:56.600;0.14
1753476776.7;2025-07-25T23:52:56.700;0.2
1753476776.8;2025-07-25T23:52:56.800;0.2
1753476776.9;2025-07-25T23:52:56.900;0.26
1753476777;2025-07-25T23:52:57.000;0.26
1753476777.1;2025-07-25T23:52:57.100;0.28
1753476777.2;2025-07-25T23:52:57.200;0.28
1753476777.3;2025-07-25T23:52:57.300;0.28
1753476777.4;2025-07-25T23:52:57.400;0.28
1753476777.5;2025-07-25T23:52:57.500;0.28
1753476777.6;2025-07-25T23:52:57.600;0.28
1753476777.7;2025-07-25T23:52:57.700;0.28
1753476777.8;2025-07-25T23:52:57.800;0.43
1753476777.9;2025-07-25T23:52:57.900;0.34
1753476778;2025-07-25T23:52:58.000;0.34
1753476778.1;2025-07-25T23:52:58.100;0.34
1753476778.2;2025-07-25T23:52:58.200;0.34
1753476778.3;2025-07-25T23:52:58.300;0.34
1753476778.4;2025-07-25T23:52:58.400;0.34
1753476778.5;2025-07-25T23:52:58.500;0.34
1753476778.6;2025-07-25T23:52:58.600;0.34
1753476778.7;2025-07-25T23:52:58.700;0.34
1753476778.8;2025-07-25T23:52:58.800;0.34
1753476778.9;2025-07-25T23:52:58.900;0.34
1753476779;2025-07-25T23:52:59.000;0.34
1753476779.1;2025-07-25T23:52:59.100;0.34
1753476779.2;2025-07-25T23:52:59.200;0.34
1753476779.3;2025-07-25T23:52:59.300;0.34
1753476779.4;2025-07-25T23:52:59.400;0.34
1753476779.5;2025-07-25T23:52:59.500;0.34
1753476779.6;2025-07-25T23:52:59.600;0.34
1753476779.7;2025-07-25T23:52:59.700;0.34
1753476779.8;2025-07-25T23:52:59.800;0.34
1753476779.9;2025-07-25T23:52:59.900;0.34
1753476780;2025-07-25T23:53:00.000;0.34
1753476780.1;2025-07-25T23:53:00.100;0.34
1753476780.2;2025-07-25T23:53:00.200;0.34
1753476780.3;2025-07-25T23:53:00.300;0.34
1753476780.4;2025-07-25T23:53:00.400;0.34
1753476780.5;2025-07-25T23:53:00.500;0.34
1753476780.6;2025-07-25T23:53:00.600;0.34
1753476780.7;2025-07-25T23:53:00.700;0.34
1753476780.8;2025-07-25T23:53:00.800;0.34
1753476780.9;2025-07-25T23:53:00.900;0.34
1753476781;2025-07-25T23:53:01.000;0.34
1753476781.1;2025-07-25T23:53:01.100;0.34
1753476781.2;2025-07-25T23:53:01.200;0.34
1753476781.3;2025-07-25T23:53:01.300;0.34
1753476781.4;2025-07-25T23:53:01.400;0.34
1753476781.5;2025-07-25T23:53:01.500;0.73
1753476781.6;2025-07-25T23:53:01.600;0.73
1753476781.7;2025-07-25T23:53:01.700;0.73
1753476781.8;2025-07-25T23:53:01.800;0.73
1753476781.9;2025-07-25T23:53:01.900;0.73
1753476782;2025-07-25T23:53:02.000;0.73
1753476782.1;2025-07-25T23:53:02.100;0.73
1753476782.2;2025-07-25T23:53:02.200;0.73
1753476782.3;2025-07-25T23:53:02.300;0.73
1753476782.4;2025-07-25T23:53:02.400;0.73
1753476782.5;2025-07-25T23:53:02.500;0.73
1753476782.6;2025-07-25T23:53:02.600;0.73
1753476782.7;2025-07-25T23:53:02.700;0.73
1753476782.8;2025-07-25T23:53:02.800;0.73
1753476782.9;2025-07-25T23:53:02.900;0.73
1753476783;2025-07-25T23:53:03.000;0.73
1753476783.1;2025-07-25T23:53:03.100;0.73
1753476783.2;2025-07-25T23:53:03.200;0.73
1753476783.3;2025-07-25T23:53:03.300;0.73
1753476783.4;2025-07-25T23:53:03.400;0.73
1753476783.5;2025-07-25T23:53:03.500;0.73
1753476783.6;2025-07-25T23:53:03.600;0.73
1753476783.7;2025-07-25T23:53:03.700;0.73
1753476783.8;2025-07-25T23:53:03.800;0.73
1753476783.9;2025-07-25T23:53:03.900;0.73
1753476784;2025-07-25T23:53:04.000;0.73
1753476784.1;2025-07-25T23:53:04.100;0.73
1753476784.2;2025-07-25T23:53:04.200;0.73
1753476784.3;2025-07-25T23:53:04.300;0.73
1753476784.4;2025-07-25T23:53:04.400;0.73
1753476784.5;2025-07-25T23:53:04.500;0.73
1753476784.6;2025-07-25T23:53:04.600;0.73
1753476784.7;2025-07-25T23:53:04.700;0.73
1753476784.8;2025-07-25T23:53:04.800;0.73
1753476784.9;2025-07-25T23:53:04.900;0.73
1753476785;2025-07-25T23:53:05.000;0.73
1753476785.1;2025-07-25T23:53:05.100;0.73
1753476785.2;2025-07-25T23:53:05.200;0.73
1753476785.3;2025-07-25T23:53:05.300;0.73
1753476785.4;2025-07-25T23:53:05.400;0.73
1753476785.5;2025-07-25T23:53:05.500;0.73
1753476785.6;2025-07-25T23:53:05.600;0.73
1753476785.7;2025-07-25T23:53:05.700;0.73
1753476785.8;2025-07-25T23:53:05.800;0.73
1753476785.9;2025-07-25T23:53:05.900;0.73
1753476786;2025-07-25T23:53:06.000;0.73
1753476786.1;2025-07-25T23:53:06.100;0.73
1753476786.2;2025-07-25T23:53:06.200;0.73
1753476786.3;2025-07-25T23:53:06.300;0.73
1753476786.4;2025-07-25T23:53:06.400;0.73
1753476786.5;2025-07-25T23:53:06.500;0.73
1753476786.6;2025-07-25T23:53:06.600;0.73
1753476786.7;2025-07-25T23:53:06.700;0.73
1753476786.8;2025-07-25T23:53:06.800;0.73
1753476786.9;2025-07-25T23:53:06.900;0.73
1753476787;2025-07-25T23:53:07.000;0.73
1753476787.1;2025-07-25T23:53:07.100;0.73
1753476787.2;2025-07-25T23:53:07.200;0.73
1753476787.3;2025-07-25T23:53:07.300;0.73
1753476787.4;2025-07-25T23:53:07.400;0.73
1753476787.5;2025-07-25T23:53:07.500;0.73
1753476787.6;2025-07-25T23:53:07.600;0.73
1753476787.7;2025-07-25T23:53:07.700;0.73
1753476787.8;2025-07-25T23:53:07.800;0.73
1753476787.9;2025-07-25T23:53:07.900;0.73
1753476788;2025-07-25T23:53:08.000;0.73
1753476788.1;2025-07-25T23:53:08.100;0.73
1753476788.2;2025-07-25T23:53:08.200;0.73
1753476788.3;2025-07-25T23:53:08.300;0.73
1753476788.4;2025-07-25T23:53:08.400;0.73
1753476788.5;2025-07-25T23:53:08.500;0.73
1753476788.6;2025-07-25T23:53:08.600;0.73
1753476788.7;2025-07-25T23:53:08.700;0.73
1753476788.8;2025-07-25T23:53:08.800;0.73
1753476788.9;2025-07-25T23:53:08.900;0.73
1753476789;2025-07-25T23:53:09.000;0.73
1753476789.1;2025-07-25T23:53:09.100;0.73
1753476789.2;2025-07-25T23:53:09.200;0.73
1753476789.3;2025-07-25T23:53:09.300;0.73
1753476789.4;2025-07-25T23:53:09.400;0.73
1753476789.5;2025-07-25T23:53:09.500;0.73
1753476789.6;2025-07-25T23:53:09.600;0.73
1753476789.7;2025-07-25T23:53:09.700;0.73
1753476789.8;2025-07-25T23:53:09.800;0.73
1753476789.9;2025-07-25T23:53:09.900;0.73
1753476790;2025-07-25T23:53:10.000;0.73
1753476790.1;2025-07-25T23:53:10.100;0.73
1753476790.2;2025-07-25T23:53:10.200;0.73
1753476790.3;2025-07-25T23:53:10.300;0.73
1753476790.4;2025-07-25T23:53:10.400;0.73
1753476790.5;2025-07-25T23:53:10.500;0.73
1753476790.6;2025-07-25T23:53:10.600;0.73
1753476790.7;2025-07-25T23:53:10.700;0.73
1753476790.8;2025-07-25T23:53:10.800;0.73
1753476790.9;2025-07-25T23:53:10.900;0.73
1753476791;2025-07-25T23:53:11.000;0.73
1753476791.1;2025-07-25T23:53:11.100;0.73
1753476791.2;2025-07-25T23:53:11.200;0.73
1753476791.3;2025-07-25T23:53:11.300;0.73
1753476791.4;2025-07-25T23:53:11.400;0.73
1753476791.5;2025-07-25T23:53:11.500;0.73
1753476791.6;2025-07-25T23:53:11.600;0.73
1753476791.7;2025-07-25T23:53:11.700;0.73
1753476791.8;2025-07-25T23:53:11.800;0.73
1753476791.9;2025-07-25T23:53:11.900;0.73
1753476792;2025-07-25T23:53:12.000;0.73
1753476792.1;2025-07-25T23:53:12.100;0.73
1753476792.2;2025-07-25T23:53:12.200;0.73
1753476792.3;2025-07-25T23:53:12.300;0.73
1753476792.4;2025-07-25T23:53:12.400;0.73
1753476792.5;2025-07-25T23:53:12.500;0.73
1753476792.6;2025-07-25T23:53:12.600;0.73
1753476792.7;2025-07-25T23:53:12.700;1.05
1753476792.8;2025-07-25T23:53:12.800;1.05
1753476792.9;2025-07-25T23:53:12.900;1.05
1753476793;2025-07-25T23:53:13.000;1.05
1753476793.1;2025-07-25T23:53:13.100;1.05
1753476793.2;2025-07-25T23:53:13.200;1.05
1753476793.3;2025-07-25T23:53:13.300;1.05
1753476793.4;2025-07-25T23:53:13.400;1.05
1753476793.5;2025-07-25T23:53:13.500;1.05
1753476793.6;2025-07-25T23:53:13.600;1.05
1753476793.7;2025-07-25T23:53:13.700;1.05
1753476793.8;2025-07-25T23:53:13.800;1.05
1753476793.9;2025-07-25T23:53:13.900;1.05
1753476794;2025-07-25T23:53:14.000;1.05
1753476794.1;2025-07-25T23:53:14.100;1.05
1753476794.2;2025-07-25T23:53:14.200;1.05
1753476794.3;2025-07-25T23:53:14.300;1.05
1753476794.4;2025-07-25T23:53:14.400;1.05
1753476794.5;2025-07-25T23:53:14.500;1.05
1753476794.6;2025-07-25T23:53:14.600;1.05
1753476794.7;2025-07-25T23:53:14.700;1.05
1753476794.8;2025-07-25T23:53:14.800;1.05
1753476794.9;2025-07-25T23:53:14.900;1.05
1753476795;2025-07-25T23:53:15.000;1.05
1753476795.1;2025-07-25T23:53:15.100;1.05
1753476795.2;2025-07-25T23:53:15.200;1.05
1753476795.3;2025-07-25T23:53:15.300;1.05
1753476795.4;2025-07-25T23:53:15.400;1.05
1753476795.5;2025-07-25T23:53:15.500;1.05
1753476795.6;2025-07-25T23:53:15.600;1.05
1753476795.7;2025-07-25T23:53:15.700;1.05
1753476795.8;2025-07-25T23:53:15.800;1.05
1753476795.9;2025-07-25T23:53:15.900;1.05
1753476796;2025-07-25T23:53:16.000;1.05
1753476796.1;2025-07-25T23:53:16.100;1.05
1753476796.2;2025-07-25T23:53:16.200;1.05
1753476796.3;2025-07-25T23:53:16.300;1.05
1753476796.4;2025-07-25T23:53:16.400;1.05
1753476796.5;2025-07-25T23:53:16.500;1.05
1753476796.6;2025-07-25T23:53:16.600;1.05
1753476796.7;2025-07-25T23:53:16.700;1.05
1753476796.8;2025-07-25T23:53:16.800;1.05
1753476796.9;2025-07-25T23:53:16.900;1.05
1753476797;2025-07-25T23:53:17.000;1.05
1753476797.1;2025-07-25T23:53:17.100;1.05
1753476797.2;2025-07-25T23:53:17.200;1.05
1753476797.3;2025-07-25T23:53:17.300;1.05
1753476797.4;2025-07-25T23:53:17.400;1.05
1753476797.5;2025-07-25T23:53:17.500;1.05
1753476797.6;2025-07-25T23:53:17.600;1.05
1753476797.7;2025-07-25T23:53:17.700;1.05
1753476797.8;2025-07-25T23:53:17.800;1.05
1753476797.9;2025-07-25T23:53:17.900;1.05
1753476798;2025-07-25T23:53:18.000;1.05
1753476798.1;2025-07-25T23:53:18.100;1.05
1753476798.2;2025-07-25T23:53:18.200;0.23
1753476798.3;2025-07-25T23:53:18.300;0.32
1753476798.4;2025-07-25T23:53:18.400;0.32
1753476798.5;2025-07-25T23:53:18.500;0.32
1753476798.6;2025-07-25T23:53:18.600;0.32
1753476798.7;2025-07-25T23:53:18.700;0.32
1753476798.8;2025-07-25T23:53:18.800;0.32
1753476798.9;2025-07-25T23:53:18.900;0.32
1753476799;2025-07-25T23:53:19.000;0.35
1753476799.1;2025-07-25T23:53:19.100;0.35
1753476799.2;2025-07-25T23:53:19.200;0.34
1753476799.3;2025-07-25T23:53:19.300;0.34
1753476799.4;2025-07-25T23:53:19.400;0.34
1753476799.5;2025-07-25T23:53:19.500;0.34
1753476799.6;2025-07-25T23:53:19.600;0.34
1753476799.7;2025-07-25T23:53:19.700;0.34
1753476799.8;2025-07-25T23:53:19.800;0.34
1753476799.9;2025-07-25T23:53:19.900;0.34
1753476800;2025-07-25T23:53:20.000;0.46
1753476800.1;2025-07-25T23:53:20.100;0.46
1753476800.2;2025-07-25T23:53:20.200;0.46
1753476800.3;2025-07-25T23:53:20.300;0.46
1753476800.4;2025-07-25T23:53:20.400;0.46
1753476800.5;2025-07-25T23:53:20.500;0.46
1753476800.6;2025-07-25T23:53:20.600;0.46
1753476800.7;2025-07-25T23:53:20.700;0.46
1753476800.8;2025-07-25T23:53:20.800;0.46
1753476800.9;2025-07-25T23:53:20.900;0.46
1753476801;2025-07-25T23:53:21.000;0.46
1753476801.1;2025-07-25T23:53:21.100;0.46
1753476801.2;2025-07-25T23:53:21.200;0.46
1753476801.3;2025-07-25T23:53:21.300;0.46
1753476801.4;2025-07-25T23:53:21.400;0.46
1753476801.5;2025-07-25T23:53:21.500;0.46
1753476801.6;2025-07-25T23:53:21.600;0.46
1753476801.7;2025-07-25T23:53:21.700;0.46
1753476801.8;2025-07-25T23:53:21.800;0.46
1753476801.9;2025-07-25T23:53:21.900;0.46
1753476802;2025-07-25T23:53:22.000;0.46
1753476802.1;2025-07-25T23:53:22.100;0.46
1753476802.2;2025-07-25T23:53:22.200;0.46
1753476802.3;2025-07-25T23:53:22.300;0.46
1753476802.4;2025-07-25T23:53:22.400;0.46
1753476802.5;2025-07-25T23:53:22.500;0.46
1753476802.6;2025-07-25T23:53:22.600;0.46
1753476802.7;2025-07-25T23:53:22.700;0.46
1753476802.8;2025-07-25T23:53:22.800;0.46
1753476802.9;2025-07-25T23:53:22.900;0.46
1753476803;2025-07-25T23:53:23.000;0.46
1753476803.1;2025-07-25T23:53:23.100;0.46
1753476803.2;2025-07-25T23:53:23.200;0.46
1753476803.3;2025-07-25T23:53:23.300;0.46
1753476803.4;2025-07-25T23:53:23.400;0.46
1753476803.5;2025-07-25T23:53:23.500;0.46
1753476803.6;2025-07-25T23:53:23.600;0.46
1753476803.7;2025-07-25T23:53:23.700;0.46
1753476803.8;2025-07-25T23:53:23.800;0.46
1753476803.9;2025-07-25T23:53:23.900;0.46
1753476804;2025-07-25T23:53:24.000;0.46
1769219428;2026-01-24T03:50:28.000;0.35
1769219428.1;2026-01-24T03:50:28.100;0.35
1769219428.2;2026-01-24T03:50:28.200;0.35
1769219428.3;2026-01-24T03:50:28.300;0.35
1769219428.4;2026-01-24T03:50:28.400;0.39
1769219428.5;2026-01-24T03:50:28.500;0.47
1769219428.6;2026-01-24T03:50:28.600;0.52
1769219428.7;2026-01-24T03:50:28.700;0.52
1769219428.8;2026-01-24T03:50:28.800;0.56
1769219428.9;2026-01-24T03:50:28.900;0.64
1769219429;2026-01-24T03:50:29.000;0.68
1769219429.1;2026-01-24T03:50:29.100;0.75
1769219429.2;2026-01-24T03:50:29.200;0.77
1769219429.3;2026-01-24T03:50:29.300;0.78
1769219429.4;2026-01-24T03:50:29.400;0.78
1769219429.5;2026-01-24T03:50:29.500;0.76
1769219429.6;2026-01-24T03:50:29.600;0.75
1769219429.7;2026-01-24T03:50:29.700;0.75
1769219429.8;2026-01-24T03:50:29.800;0.75
1769219429.9;2026-01-24T03:50:29.900;0.78
1769219430;2026-01-24T03:50:30.000;0.79
1769219430.1;2026-01-24T03:50:30.100;0.79
1769219430.2;2026-01-24T03:50:30.200;0.79
1769219430.3;2026-01-24T03:50:30.300;0.79
1769219430.4;2026-01-24T03:50:30.400;0.8
1769219430.5;2026-01-24T03:50:30.500;0.8
1769219430.6;2026-01-24T03:50:30.600;0.81
1769219430.7;2026-01-24T03:50:30.700;0.8
1769219430.8;2026-01-24T03:50:30.800;0.79
1769219430.9;2026-01-24T03:50:30.900;0.77
1769219431;2026-01-24T03:50:31.000;0.76
1769219431.1;2026-01-24T03:50:31.100;0.77
1769219431.2;2026-01-24T03:50:31.200;0.78
1769219431.3;2026-01-24T03:50:31.300;0.77
1769219431.4;2026-01-24T03:50:31.400;0.75
1769219431.5;2026-01-24T03:50:31.500;0.76
1769219431.6;2026-01-24T03:50:31.600;0.77
1769219431.7;2026-01-24T03:50:31.700;0.77
1769219431.8;2026-01-24T03:50:31.800;0.76
1769219431.9;2026-01-24T03:50:31.900;0.75
1769219432;2026-01-24T03:50:32.000;0.73
1769219432.1;2026-01-24T03:50:32.100;0.73
1769219432.2;2026-01-24T03:50:32.200;0.73
1769219432.3;2026-01-24T03:50:32.300;0.73
1769219432.4;2026-01-24T03:50:32.400;0.73
1769219432.5;2026-01-24T03:50:32.500;0.73
1769219432.6;2026-01-24T03:50:32.600;0.72
1769219432.7;2026-01-24T03:50:32.700;0.73
1769219432.8;2026-01-24T03:50:32.800;0.74
1769219432.9;2026-01-24T03:50:32.900;0.74
1769219433;2026-01-24T03:50:33.000;0.74
1769219433.1;2026-01-24T03:50:33.100;0.75
1769219433.2;2026-01-24T03:50:33.200;0.75
1769219433.3;2026-01-24T03:50:33.300;0.75
1769219433.4;2026-01-24T03:50:33.400;0.76
1769219433.5;2026-01-24T03:50:33.500;0.75
1769219433.6;2026-01-24T03:50:33.600;0.75
1769219433.7;2026-01-24T03:50:33.700;0.77
1769219433.8;2026-01-24T03:50:33.800;0.77
1769219433.9;2026-01-24T03:50:33.900;0.76
1769219434;2026-01-24T03:50:34.000;0.76
1769219434.1;2026-01-24T03:50:34.100;0.76
1769219434.2;2026-01-24T03:50:34.200;0.78
1769219434.3;2026-01-24T03:50:34.300;0.78
1769219434.4;2026-01-24T03:50:34.400;0.77
1769219434.5;2026-01-24T03:50:34.500;0.76
1769219434.6;2026-01-24T03:50:34.600;0.74
1769219434.7;2026-01-24T03:50:34.700;0.74
1769219434.8;2026-01-24T03:50:34.800;0.74
1769219434.9;2026-01-24T03:50:34.900;0.75
1769219435;2026-01-24T03:50:35.000;0.78
1769219435.1;2026-01-24T03:50:35.100;0.78
1769219435.2;2026-01-24T03:50:35.200;0.78
1769219435.3;2026-01-24T03:50:35.300;0.88
1769219435.4;2026-01-24T03:50:35.400;0.88
1769219435.5;2026-01-24T03:50:35.500;0.88
1769219435.6;2026-01-24T03:50:35.600;0.89
1769219435.7;2026-01-24T03:50:35.700;0.87
1769219435.8;2026-01-24T03:50:35.800;0.87
1769219435.9;2026-01-24T03:50:35.900;0.83
1769219436;2026-01-24T03:50:36.000;0.83
1769219436.1;2026-01-24T03:50:36.100;0.84
1769219436.2;2026-01-24T03:50:36.200;0.77
1769219436.3;2026-01-24T03:50:36.300;0.76
1769219436.4;2026-01-24T03:50:36.400;0.76
1769219436.5;2026-01-24T03:50:36.500;0.74
1769219436.6;2026-01-24T03:50:36.600;0.74
1769219436.7;2026-01-24T03:50:36.700;0.75
1769219436.8;2026-01-24T03:50:36.800;0.76
1769219436.9;2026-01-24T03:50:36.900;0.77
1769219437;2026-01-24T03:50:37.000;0.76
1769219437.1;2026-01-24T03:50:37.100;0.75
1769219437.2;2026-01-24T03:50:37.200;0.75
1769219437.3;2026-01-24T03:50:37.300;0.76
1769219437.4;2026-01-24T03:50:37.400;0.76
1769219437.5;2026-01-24T03:50:37.500;0.75
1769219437.6;2026-01-24T03:50:37.600;0.75
1769219437.7;2026-01-24T03:50:37.700;0.82
1769219437.8;2026-01-24T03:50:37.800;0.8
1769219437.9;2026-01-24T03:50:37.900;0.8
1769219438;2026-01-24T03:50:38.000;0.79
1769219438.1;2026-01-24T03:50:38.100;0.79
1769219438.2;2026-01-24T03:50:38.200;0.81
1769219438.3;2026-01-24T03:50:38.300;0.82
1769219438.4;2026-01-24T03:50:38.400;0.81
1769219438.5;2026-01-24T03:50:38.500;0.81
1769219438.6;2026-01-24T03:50:38.600;0.74
1769219438.7;2026-01-24T03:50:38.700;0.74
1769219438.8;2026-01-24T03:50:38.800;0.76
1769219438.9;2026-01-24T03:50:38.900;0.78
1769219439;2026-01-24T03:50:39.000;0.83
1769219439.1;2026-01-24T03:50:39.100;0.82
1769219439.2;2026-01-24T03:50:39.200;0.84
1769219439.3;2026-01-24T03:50:39.300;0.84
1769219439.4;2026-01-24T03:50:39.400;0.85
1769219439.5;2026-01-24T03:50:39.500;0.85
1769219439.6;2026-01-24T03:50:39.600;0.85
1769219439.7;2026-01-24T03:50:39.700;0.82
1769219439.8;2026-01-24T03:50:39.800;0.8
1769219439.9;2026-01-24T03:50:39.900;0.73
1769219440;2026-01-24T03:50:40.000;0.74
1769219440.1;2026-01-24T03:50:40.100;0.74
1769219440.2;2026-01-24T03:50:40.200;0.72
1769219440.3;2026-01-24T03:50:40.300;0.71
1769219440.4;2026-01-24T03:50:40.400;0.71
1769219440.5;2026-01-24T03:50:40.500;0.72
1769219440.6;2026-01-24T03:50:40.600;0.72
1769219440.7;2026-01-24T03:50:40.700;0.74
1769219440.8;2026-01-24T03:50:40.800;0.75
1769219440.9;2026-01-24T03:50:40.900;0.75
1769219441;2026-01-24T03:50:41.000;0.75
1769219441.1;2026-01-24T03:50:41.100;0.75
1769219441.2;2026-01-24T03:50:41.200;0.83
1769219441.3;2026-01-24T03:50:41.300;0.83
1769219441.4;2026-01-24T03:50:41.400;0.83
1769219441.5;2026-01-24T03:50:41.500;0.91
1769219441.6;2026-01-24T03:50:41.600;0.89
1769219441.7;2026-01-24T03:50:41.700;0.87
1769219441.8;2026-01-24T03:50:41.800;0.87
1769219441.9;2026-01-24T03:50:41.900;0.88
1769219442;2026-01-24T03:50:42.000;0.81
1769219442.1;2026-01-24T03:50:42.100;0.8
1769219442.2;2026-01-24T03:50:42.200;0.79
1769219442.3;2026-01-24T03:50:42.300;0.72
1769219442.4;2026-01-24T03:50:42.400;0.71
1769219442.5;2026-01-24T03:50:42.500;0.72
1769219442.6;2026-01-24T03:50:42.600;0.72
1769219442.7;2026-01-24T03:50:42.700;0.71
1769219442.8;2026-01-24T03:50:42.800;0.78
1769219442.9;2026-01-24T03:50:42.900;0.78
1769219443;2026-01-24T03:50:43.000;0.77
1769219443.1;2026-01-24T03:50:43.100;0.77
1769219443.2;2026-01-24T03:50:43.200;0.84
1769219443.3;2026-01-24T03:50:43.300;0.85
1769219443.4;2026-01-24T03:50:43.400;0.85
1769219443.5;2026-01-24T03:50:43.500;0.86
1769219443.6;2026-01-24T03:50:43.600;0.86
1769219443.7;2026-01-24T03:50:43.700;0.8
1769219443.8;2026-01-24T03:50:43.800;0.81
1769219443.9;2026-01-24T03:50:43.900;0.81
1769219444;2026-01-24T03:50:44.000;0.74
1769219444.1;2026-01-24T03:50:44.100;0.73
1769219444.2;2026-01-24T03:50:44.200;0.74
1769219444.3;2026-01-24T03:50:44.300;0.73
1769219444.4;2026-01-24T03:50:44.400;0.74
1769219444.5;2026-01-24T03:50:44.500;0.76
1769219444.6;2026-01-24T03:50:44.600;0.76
1769219444.7;2026-01-24T03:50:44.700;0.85
1769219444.8;2026-01-24T03:50:44.800;0.91
1769219444.9;2026-01-24T03:50:44.900;0.93
1769219445;2026-01-24T03:50:45.000;0.93
1769219445.1;2026-01-24T03:50:45.100;0.93
1769219445.2;2026-01-24T03:50:45.200;0.94
1769219445.3;2026-01-24T03:50:45.300;1.01
1769219445.4;2026-01-24T03:50:45.400;0.99
1769219445.5;2026-01-24T03:50:45.500;0.9
1769219445.6;2026-01-24T03:50:45.600;0.83
1769219445.7;2026-01-24T03:50:45.700;0.82
1769219445.8;2026-01-24T03:50:45.800;0.85
1769219445.9;2026-01-24T03:50:45.900;0.85
1769219446;2026-01-24T03:50:46.000;0.85
1769219446.1;2026-01-24T03:50:46.100;0.76
1769219446.2;2026-01-24T03:50:46.200;0.75
1769219446.3;2026-01-24T03:50:46.300;0.75
1769219446.4;2026-01-24T03:50:46.400;0.75
1769219446.5;2026-01-24T03:50:46.500;0.74
1769219446.6;2026-01-24T03:50:46.600;0.74
1769219446.7;2026-01-24T03:50:46.700;0.73
1769219446.8;2026-01-24T03:50:46.800;0.72
1769219446.9;2026-01-24T03:50:46.900;0.71
1769219447;2026-01-24T03:50:47.000;0.79
1769219447.1;2026-01-24T03:50:47.100;0.8
1769219447.2;2026-01-24T03:50:47.200;0.8
1769219447.3;2026-01-24T03:50:47.300;0.88
1769219447.4;2026-01-24T03:50:47.400;0.89
1769219447.5;2026-01-24T03:50:47.500;0.88
1769219447.6;2026-01-24T03:50:47.600;0.88
1769219447.7;2026-01-24T03:50:47.700;0.89
1769219447.8;2026-01-24T03:50:47.800;0.82
1769219447.9;2026-01-24T03:50:47.900;0.81
1769219448;2026-01-24T03:50:48.000;0.81
1769219448.1;2026-01-24T03:50:48.100;0.73
1769219448.2;2026-01-24T03:50:48.200;0.73
1769219448.3;2026-01-24T03:50:48.300;0.72
1769219448.4;2026-01-24T03:50:48.400;0.79
1769219448.5;2026-01-24T03:50:48.500;0.79
1769219448.6;2026-01-24T03:50:48.600;0.8
1769219448.7;2026-01-24T03:50:48.700;0.79
1769219448.8;2026-01-24T03:50:48.800;0.78
1769219448.9;2026-01-24T03:50:48.900;0.79
1769219449;2026-01-24T03:50:49.000;0.79
1769219449.1;2026-01-24T03:50:49.100;0.79
1769219449.2;2026-01-24T03:50:49.200;0.79
1769219449.3;2026-01-24T03:50:49.300;0.8
1769219449.4;2026-01-24T03:50:49.400;0.74
1769219449.5;2026-01-24T03:50:49.500;0.73
1769219449.6;2026-01-24T03:50:49.600;0.73
1769219449.7;2026-01-24T03:50:49.700;0.81
1769219449.8;2026-01-24T03:50:49.800;0.81
1769219449.9;2026-01-24T03:50:49.900;0.81
1769219450;2026-01-24T03:50:50.000;0.8
1769219450.1;2026-01-24T03:50:50.100;0.8
1769219450.2;2026-01-24T03:50:50.200;0.8
1769219450.3;2026-01-24T03:50:50.300;0.8
1769219450.4;2026-01-24T03:50:50.400;0.81
1769219450.5;2026-01-24T03:50:50.500;0.79
1769219450.6;2026-01-24T03:50:50.600;0.79
1769219450.7;2026-01-24T03:50:50.700;0.79
1769219450.8;2026-01-24T03:50:50.800;0.8
1769219450.9;2026-01-24T03:50:50.900;0.87
1769219451;2026-01-24T03:50:51.000;0.91
1769219451.1;2026-01-24T03:50:51.100;0.96
1769219451.2;2026-01-24T03:50:51.200;1.03
1769219451.3;2026-01-24T03:50:51.300;1.08
1769219451.4;2026-01-24T03:50:51.400;1.08
1769219451.5;2026-01-24T03:50:51.500;1.15
1769219451.6;2026-01-24T03:50:51.600;1.16
1769219451.7;2026-01-24T03:50:51.700;1.16
1769219451.8;2026-01-24T03:50:51.800;1.16
1769219451.9;2026-01-24T03:50:51.900;1.18
1769219452;2026-01-24T03:50:52.000;1.13
1769219452.1;2026-01-24T03:50:52.100;1.06
1769219452.2;2026-01-24T03:50:52.200;1
1769219452.3;2026-01-24T03:50:52.300;0.94
1769219452.4;2026-01-24T03:50:52.400;0.87
1769219452.5;2026-01-24T03:50:52.500;0.87
1769219452.6;2026-01-24T03:50:52.600;0.8
1769219452.7;2026-01-24T03:50:52.700;0.74
1769219452.8;2026-01-24T03:50:52.800;0.73
1769219452.9;2026-01-24T03:50:52.900;0.73
1769219453;2026-01-24T03:50:53.000;0.73
1769219453.1;2026-01-24T03:50:53.100;0.73
1769219453.2;2026-01-24T03:50:53.200;0.73
1769219453.3;2026-01-24T03:50:53.300;0.73
1769219453.4;2026-01-24T03:50:53.400;0.73
1769219453.5;2026-01-24T03:50:53.500;0.73
1769219453.6;2026-01-24T03:50:53.600;0.71
1769219453.7;2026-01-24T03:50:53.700;0.71
1769219453.8;2026-01-24T03:50:53.800;0.73
1769219453.9;2026-01-24T03:50:53.900;0.73
1769219454;2026-01-24T03:50:54.000;0.72
1769219454.1;2026-01-24T03:50:54.100;0.72
1769219454.2;2026-01-24T03:50:54.200;0.72
1769219454.3;2026-01-24T03:50:54.300;0.72
1769219454.4;2026-01-24T03:50:54.400;0.8
1769219454.5;2026-01-24T03:50:54.500;0.86
1769219454.6;2026-01-24T03:50:54.600;0.85
